,Unnamed: 0,N,P,K,ph,EC,S,Cu,Fe,Mn,Zn,B,humidity,rainfall,temperature,SumOFNPK,PerOfN,PerOfP,PerOfK,SumNPK,NStatus,PStatus,KStatus
0,0,143,69,217,5.9,0.58,0.23,10.2,116.35,59.96,54.85,21.29,82.00274423,202.9355362,20.87974371,429,33.33333333,16.08391608,50.58275058,429,0,1,0
1,1,170,36,216,5.9,0.15,0.28,15.69,114.2,56.87,31.28,28.62,80.31964408,226.6555374,21.77046169,422,40.28436019,8.530805687,51.18483412,422,0,0,0
2,2,158,66,219,6.8,0.34,0.2,15.29,65.87,51.81,57.12,27.59,82.3207629,263.9642476,23.00445915,443,35.66591422,14.89841986,49.43566591,443,0,0,0
3,3,133,45,207,6.4,0.94,0.21,8.48,103.1,43.81,68.5,47.29,80.15836264,242.8640342,26.49109635,385,34.54545455,11.68831169,53.76623377,385,0,0,0
4,4,132,48,218,6.7,0.54,0.19,5.59,63.4,56.4,46.71,31.04,81.60487287,262.7173405,20.13017482,398,33.16582915,12.06030151,54.77386935,398,0,0,0
5,5,137,36,187,6.5,0.27,0.19,14.19,103.63,55.62,62.27,22.35,83.37011772,251.0549998,23.05804872,360,38.05555556,10,51.94444444,360,0,0,0
6,6,173,62,194,6.3,0.42,0.16,5.9,106.01,47.26,38.41,14.54,82.63941394,271.3248604,22.70883798,429,40.32634033,14.45221445,45.22144522,429,0,0,0
7,7,152,56,218,6.4,0.37,0.27,14.24,107.55,40.8,65.93,14.53,82.89408619,241.9741949,20.27774362,426,35.68075117,13.14553991,51.17370892,426,0,0,0
8,8,143,71,173,6.9,0.19,0.25,7.79,70.8,68.69,51.48,20.04,83.5352163,230.4462359,24.51588066,387,36.95090439,18.34625323,44.70284238,387,0,1,0
9,9,141,20,208,6.6,0.39,0.26,7.49,104.46,29.38,68.91,18.31,83.03322691,221.2091958,23.22397386,369,38.21138211,5.420054201,56.36856369,369,0,0,0
10,10,131,36,209,5.8,0.84,0.22,5.48,79.78,50.38,35.69,41,81.41753846,264.6148697,26.52723513,376,34.84042553,9.574468085,55.58510638,376,0,0,0
11,11,146,43,195,6.7,0.12,0.24,10.2,105.36,66.53,21.74,35.32,81.45061596,250.0832336,23.97898217,384,38.02083333,11.19791667,50.78125,384,0,0,0
12,12,136,78,215,5.8,0.14,0.19,18.22,67.61,56.48,34.25,12.11,80.88684822,284.4364567,26.80079604,429,31.7016317,18.18181818,50.11655012,429,0,1,0
13,13,179,47,213,6.5,0.67,0.25,18.6,68.08,24.23,37.01,33.52,82.05687182,185.2773389,24.01497622,439,40.77448747,10.70615034,48.51936219,439,0,0,0
14,14,170,71,186,6.1,0.27,0.25,12.14,118.34,39.53,31.18,49.54,80.66385045,209.5869708,25.66585205,427,39.81264637,16.62763466,43.55971897,427,0,1,0
15,15,168,52,174,6.9,0.55,0.17,19.96,82.57,33.71,69.05,22.09,80.30025587,231.0863347,24.28209415,394,42.63959391,13.19796954,44.16243655,394,0,0,0
16,16,169,18,217,7.2,0.32,0.27,5.66,70.36,34.26,24.74,44.29,82.7883708,276.6552459,21.58711777,404,41.83168317,4.455445545,53.71287129,404,0,0,0
17,17,153,45,179,5.9,0.74,0.26,19.98,106.26,36.45,42.66,15.54,80.41817957,206.2611855,23.79391957,377,40.58355438,11.93633952,47.4801061,377,0,0,0
18,18,175,38,198,5.7,0.47,0.16,9.63,82.95,46.61,36.59,42.51,80.1923008,224.5550169,21.8652524,411,42.57907543,9.245742092,48.17518248,411,0,0,0
19,19,161,73,183,6.2,0.28,0.29,10.65,91.85,33.55,66.69,38.12,83.58760316,291.2986618,23.57943626,417,38.60911271,17.5059952,43.88489209,417,0,1,0
20,20,172,45,176,6.6,0.58,0.3,16.95,112.96,22.16,56.8,26.34,80.47476396,185.4974732,21.32504158,393,43.76590331,11.45038168,44.78371501,393,0,0,0
21,21,139,21,185,5.9,0.51,0.3,10.19,94,34.25,58.48,19.45,83.11713476,231.3843163,25.15745531,345,40.28985507,6.086956522,53.62318841,345,0,0,0
22,22,150,62,176,6.1,0.84,0.21,16.41,87.05,53.95,34.8,34.93,80.97384195,213.3560921,21.94766735,388,38.65979381,15.97938144,45.36082474,388,0,0,0
23,23,176,51,184,6.1,0.13,0.15,18.4,71.79,44.18,55,31.36,82.67839517,233.1075816,21.0525355,411,42.82238443,12.40875912,44.76885645,411,0,0,0
24,24,176,12,174,6.6,0.48,0.19,17.53,71.91,41.8,38.42,39.85,81.33265073,224.0581164,23.48381344,362,48.61878453,3.314917127,48.06629834,362,0,0,0
25,25,169,66,184,6.9,0.89,0.22,18.47,63.19,68.27,63.18,46.11,80.52389148,257.0038865,25.0756354,419,40.33412888,15.75178998,43.91408115,419,0,0,0
26,26,163,61,208,6.6,0.43,0.28,7.43,74.29,35.88,70,17.96,84.04403589,271.3586137,26.35927159,432,37.73148148,14.12037037,48.14814815,432,0,0,0
27,27,132,26,172,6.8,0.73,0.18,17.28,65.02,22.87,24.21,25.7,80.54498576,260.2634026,24.52922681,330,40,7.878787879,52.12121212,330,0,0,0
28,28,140,38,209,7.1,0.31,0.18,12.11,72.29,51.01,55.48,38.58,84.49774397,240.0810647,20.77576147,387,36.17571059,9.819121447,54.00516796,387,0,0,0
29,29,131,55,194,5.7,0.45,0.29,10.82,90.61,56.08,58.15,32.65,80.64416466,197.9791215,22.30157427,380,34.47368421,14.47368421,51.05263158,380,0,0,0
30,30,137,76,190,5.8,0.18,0.27,9.37,83.59,27.1,42.23,11.5,84.94375962,272.2017204,21.44653958,403,33.99503722,18.85856079,47.14640199,403,0,1,0
31,31,145,61,187,6.6,0.75,0.28,11.01,116.14,54.45,52.35,30.73,80.33127223,200.0882787,22.17931888,393,36.8956743,15.5216285,47.5826972,393,0,0,0
32,32,147,21,194,6.9,0.8,0.27,9.42,96.66,54.55,64.95,14.86,82.73685569,224.6757231,24.52783742,362,40.60773481,5.801104972,53.59116022,362,0,0,0
33,33,170,57,203,6.6,0.95,0.29,10.64,108.13,69,50.66,43.61,81.63895217,270.4417274,20.26707606,430,39.53488372,13.25581395,47.20930233,430,0,0,0
34,34,150,14,215,6.8,0.39,0.2,14,104.99,24.9,67.39,37.16,83.88266234,233.1321372,25.7354293,379,39.57783641,3.693931398,56.72823219,379,0,0,0
35,35,151,12,196,6.9,0.57,0.16,5.35,60.9,40.23,69.89,19.32,82.1480873,193.3473987,26.79533926,359,42.06128134,3.342618384,54.59610028,359,0,0,0
36,36,174,76,216,6.3,0.66,0.18,19.55,107.03,53.17,23.04,46.68,81.17734011,272.2999056,26.75754171,466,37.33905579,16.30901288,46.35193133,466,0,1,0
37,37,163,61,220,7,0.5,0.25,8.1,90.4,31.96,40.56,47.76,83.15250801,285.2493645,23.86330467,444,36.71171171,13.73873874,49.54954955,444,0,0,0
38,38,162,77,188,6.3,0.22,0.23,19.09,111.44,51.52,31.47,15.38,82.95221726,298.4018471,21.01944696,427,37.93911007,18.03278689,44.02810304,427,0,1,0
39,39,167,15,205,6.7,0.38,0.25,18.59,109.46,49.94,50.26,37.5,83.7287574,257.0343554,24.17298839,387,43.15245478,3.875968992,52.97157623,387,0,0,0
40,40,153,49,175,7,0.28,0.17,8.99,91.57,65.61,46.49,47.35,82.06719137,248.7183228,22.78133816,377,40.58355438,12.99734748,46.41909814,377,0,0,0
41,41,167,25,194,5.6,0.6,0.15,18.64,85.77,29.01,24.07,15.66,83.52842314,209.9001977,25.62980105,386,43.2642487,6.476683938,50.25906736,386,0,0,0
42,42,169,26,220,7.2,0.15,0.18,9.12,118.78,20.58,67.41,31.29,80.14509262,200.834898,25.59704938,415,40.72289157,6.265060241,53.01204819,415,0,0,0
43,43,160,54,203,5.8,0.38,0.18,16.85,67.35,64.58,39.63,36.93,84.81360127,298.5601175,23.83067496,417,38.36930456,12.94964029,48.68105516,417,0,0,0
44,44,151,33,220,6.7,0.14,0.19,12.44,103.93,26.86,52.42,31.56,82.36698992,265.5355937,26.31355498,404,37.37623762,8.168316832,54.45544554,404,0,0,0
45,45,164,72,206,6,0.8,0.27,10.13,72.74,29.08,61.03,47.98,80.52586088,183.6793207,24.8972823,442,37.1040724,16.28959276,46.60633484,442,0,1,0
46,46,153,79,201,5.6,0.35,0.25,12.1,103.03,47.11,52.56,16.59,84.47963372,196.9560008,24.958779,433,35.33487298,18.2448037,46.42032333,433,0,1,0
47,47,172,65,212,6.1,0.61,0.21,12.23,82.96,44.4,20.4,22.27,84.59201843,233.0453455,23.24113501,449,38.30734967,14.4766147,47.21603563,449,0,0,0
48,48,167,24,171,7,0.23,0.23,16.91,89.45,55.35,45.29,48.11,80.70960551,210.8142087,21.66628296,362,46.13259669,6.629834254,47.23756906,362,0,0,0
49,49,131,61,181,7.1,0.11,0.21,16.24,75.44,34.66,32.53,35.69,80.41363018,253.7202781,24.63544858,373,35.12064343,16.3538874,48.52546917,373,0,1,0
50,50,135,41,214,7.1,0.25,0.19,14.11,105.35,31.74,51.75,36.69,83.06310136,219.9048349,23.43121862,390,34.61538462,10.51282051,54.87179487,390,0,0,0
51,51,145,68,213,6.7,0.75,0.17,19.66,104.17,69.42,47.15,31.94,80.3477562,208.5810155,20.0454142,426,34.03755869,15.96244131,50,426,0,0,0
52,52,176,30,190,7.2,0.19,0.22,10.83,90.85,21.81,47.5,31.73,82.22572988,195.0948311,23.85724032,396,44.44444444,7.575757576,47.97979798,396,0,0,0
53,53,172,72,218,7,0.9,0.21,7.43,100.58,34.67,65.51,34.69,81.89918197,227.3637009,21.97199397,462,37.22943723,15.58441558,47.18614719,462,0,0,0
54,54,157,57,172,5.6,0.52,0.23,9.81,65.34,26.63,54.44,49.59,83.83625819,286.5083725,26.22916897,386,40.67357513,14.76683938,44.55958549,386,0,0,0
55,55,165,80,171,6.6,0.11,0.19,8.6,84.92,38.74,48.12,36.84,84.79352417,283.9338466,23.44676801,416,39.66346154,19.23076923,41.10576923,416,0,1,0
56,56,158,79,182,7.1,0.32,0.25,10.71,73.99,26.78,55.33,15.66,83.47021081,217.3788583,25.65553461,419,37.70883055,18.85441527,43.43675418,419,0,1,0
57,57,135,63,170,6,0.45,0.22,7.98,60.38,57.34,51.34,22.41,82.45432595,267.9761948,24.44345477,368,36.68478261,17.11956522,46.19565217,368,0,1,0
58,58,157,46,199,5.8,0.01,0.2,7.45,65,24.56,56.96,20.7,82.1235421,191.9535738,20.2801937,402,39.05472637,11.44278607,49.50248756,402,0,0,0
59,59,176,74,175,6.5,0.69,0.23,17.81,87.13,23.95,30.95,43.3,80.2389895,277.9626192,21.7238313,425,41.41176471,17.41176471,41.17647059,425,0,1,0
60,60,132,51,185,5.7,0.72,0.27,19.22,80.11,30.93,36.45,37.74,82.20802629,245.1511304,20.41447029,368,35.86956522,13.85869565,50.27173913,368,0,0,0
61,61,148,51,219,6.1,0.06,0.16,13.6,82.62,66.02,44.14,14.28,83.51827127,245.6626799,25.75528612,418,35.40669856,12.20095694,52.3923445,418,0,0,0
62,62,154,53,189,7,0.42,0.29,19.56,84.84,53.28,42.85,43.03,83.77345559,279.5451717,20.61521424,396,38.88888889,13.38383838,47.72727273,396,0,0,0
63,63,133,32,213,6.3,0.99,0.24,14.59,90.79,46.43,38.54,23.61,80.72886384,202.3838319,21.84106875,378,35.18518519,8.465608466,56.34920635,378,0,0,0
64,64,178,32,182,6.3,0.11,0.27,8.07,61.9,26.59,45.86,15.67,83.29114712,263.6372176,20.08369642,392,45.40816327,8.163265306,46.42857143,392,0,0,0
65,65,130,11,200,6,0.71,0.19,19.34,115.24,43.76,46.77,24.31,82.74835604,182.5616319,24.45802087,341,38.12316716,3.225806452,58.65102639,341,0,0,0
66,66,163,51,198,6.6,0.62,0.22,5.54,78.87,30.25,41.57,30.42,80.33502926,198.6730942,21.14347496,412,39.5631068,12.37864078,48.05825243,412,0,0,0
67,67,131,39,181,7.1,0.41,0.29,15.56,110.63,27.42,49.04,41.53,82.11124033,243.5120414,25.78720567,351,37.32193732,11.11111111,51.56695157,351,0,0,0
68,68,167,39,183,6.4,0.58,0.25,5.63,66.23,68.1,27.78,20.73,80.28597873,263.1103304,23.64124821,389,42.93059126,10.02570694,47.0437018,389,0,0,0
69,69,140,61,193,6.7,0.04,0.19,14.65,116.21,57.04,55.82,43.71,80.56887849,269.5039162,23.43191632,394,35.53299492,15.4822335,48.98477157,394,0,0,0
70,70,139,55,190,6.3,0.03,0.27,10.61,118.68,50.28,34.29,39.61,83.891805,204.8001847,24.97669518,384,36.19791667,14.32291667,49.47916667,384,0,0,0
71,71,140,63,201,6.8,0.91,0.23,19.94,63.87,69.02,46.39,44.53,82.1706881,260.8875056,22.72791041,404,34.65346535,15.59405941,49.75247525,404,0,0,0
72,72,153,36,202,6.4,0.24,0.18,13.97,85.31,36.42,26.41,48.34,82.84022551,295.6094492,24.87300744,391,39.13043478,9.207161125,51.66240409,391,0,0,0
73,73,146,39,197,7,0.59,0.21,9.44,73.93,48.22,42.19,41.01,83.00320459,192.3197536,21.32376327,382,38.21989529,10.20942408,51.57068063,382,0,0,0
74,74,146,69,177,6.9,0.8,0.18,18.81,111.02,69.4,20.08,49.27,84.56919326,257.4914906,26.29465461,392,37.24489796,17.60204082,45.15306122,392,0,1,0
75,75,150,17,171,6.2,0.43,0.29,13.53,62.62,34.65,23.35,42.68,81.85872947,278.0791793,22.2286982,338,44.37869822,5.029585799,50.59171598,338,0,0,0
76,76,132,11,196,5.7,0.87,0.19,19.53,78.11,56.31,54.22,11.07,81.78596776,280.4044392,26.73072391,339,38.9380531,3.244837758,57.81710914,339,0,0,0
77,77,171,34,201,7.1,1,0.26,12.11,66.56,39.54,67.53,47.21,81.97927117,185.9461429,24.88921174,406,42.1182266,8.374384236,49.50738916,406,0,0,0
78,78,180,11,211,6,0.84,0.23,5.85,92.52,37.42,47.7,48.25,81.46033732,194.5766559,26.88444878,402,44.7761194,2.736318408,52.48756219,402,0,0,0
79,79,178,16,179,6.9,0.77,0.23,15.36,108.73,63.16,35.03,10.91,83.72874389,200.9133156,22.67846116,373,47.72117962,4.289544236,47.98927614,373,0,0,0
80,80,135,51,195,6.9,0.9,0.16,9.21,118.35,67.13,47.73,42.37,80.37979919,182.9043504,26.08867875,381,35.43307087,13.38582677,51.18110236,381,0,0,0
81,81,137,53,177,6.8,0.98,0.19,19.8,102.44,58.38,45.95,27.97,82.94682591,195.3574542,25.42977518,367,37.32970027,14.44141689,48.22888283,367,0,0,0
82,82,161,57,186,5.8,0.93,0.27,9.5,100.99,51.96,43.01,32.55,81.05635517,223.3671883,26.40323239,404,39.85148515,14.10891089,46.03960396,404,0,0,0
83,83,153,78,188,5.6,0.09,0.26,18.72,117.45,53.95,67.84,42.67,84.96907151,186.7536773,26.04371967,419,36.51551313,18.61575179,44.86873508,419,0,1,0
84,84,141,69,211,5.7,0.71,0.16,12.33,116.81,68.31,43.3,42.22,80.54372813,220.1156708,25.2827223,421,33.49168646,16.38954869,50.11876485,421,0,1,0
85,85,163,41,186,5.6,0.58,0.23,10.99,69.61,59.56,26.76,31.23,83.47038318,231.7364957,22.08576562,390,41.79487179,10.51282051,47.69230769,390,0,0,0
86,86,145,80,181,6.1,0.09,0.21,11.79,119.03,53.9,28.24,23.97,81.43321641,242.3170629,23.28617173,406,35.71428571,19.7044335,44.58128079,406,0,1,0
87,87,133,15,212,6.4,0.87,0.27,17.31,108.36,29.97,54.07,43.06,81.40633547,182.6549356,25.48591986,360,36.94444444,4.166666667,58.88888889,360,0,0,0
88,88,175,12,171,5.8,0.16,0.21,17.07,112.14,49.21,69.76,30.55,81.03569343,233.7034975,23.67575393,358,48.88268156,3.351955307,47.76536313,358,0,0,0
89,89,147,62,192,7.1,0.97,0.28,12.52,60.1,50.96,63.13,39.13,84.1341879,230.2242223,20.82477109,401,36.65835411,15.46134663,47.88029925,401,0,0,0
90,90,151,69,207,5.9,0.55,0.25,16.14,113.51,22.04,31.29,19.27,81.91411159,290.6793783,26.92995077,427,35.36299766,16.15925059,48.47775176,427,0,1,0
91,91,133,64,197,7.1,0.78,0.15,18.88,72.6,67.42,26.32,15.82,83.88387074,241.2013513,23.83509503,394,33.75634518,16.24365482,50,394,0,1,0
92,92,168,64,206,5.8,0.34,0.18,12.97,76.81,42.61,48.57,31.22,80.12267476,218.9163567,26.52872817,438,38.35616438,14.61187215,47.03196347,438,0,0,0
93,93,153,60,185,6.3,0.19,0.28,6.86,85.83,69.79,23.61,33.64,83.85642678,248.2256491,26.46428311,398,38.44221106,15.07537688,46.48241206,398,0,0,0
94,94,173,29,170,5.9,0.5,0.17,16.42,70.15,23.94,55.15,19.28,82.81088865,256.9964761,22.69657794,372,46.50537634,7.795698925,45.69892473,372,0,0,0
95,95,138,78,194,7.1,0.34,0.15,15.83,92.88,48.58,69.7,25.54,83.46358271,194.2651719,22.68319059,410,33.65853659,19.02439024,47.31707317,410,0,1,0
96,96,143,21,218,6.4,0.17,0.16,10.56,113.57,51.07,25.58,23.23,82.14004101,295.9248796,21.53346343,382,37.43455497,5.497382199,57.06806283,382,0,0,0
97,97,141,36,190,7.2,0.33,0.19,18.23,109.89,68.6,56.66,44.87,83.3293191,287.5766935,21.40865769,367,38.41961853,9.809264305,51.77111717,367,0,0,0
98,98,177,79,214,6.4,0.33,0.28,5.97,98.7,64.64,44.2,10.35,84.67353597,183.6222657,26.54348085,470,37.65957447,16.80851064,45.53191489,470,0,1,0
99,99,137,38,208,6.1,0.54,0.27,5.57,115.77,40.37,21.61,25.95,83.59512273,188.413665,23.35905428,383,35.77023499,9.921671018,54.30809399,383,0,0,0
100,100,104,23,193,5.8,1.16,0.23,15.78,60.23,85.25,33.45,67.88,63.69070564,87.75953857,22.61359953,320,32.5,7.1875,60.3125,320,0,0,0
101,101,146,76,192,5.7,0.6,0.32,17.82,148.4,75,23.4,68.2,71.57476937,102.2662445,26.10018422,414,35.26570048,18.35748792,46.37681159,414,0,1,0
102,102,153,62,67,6.2,0.12,0.04,20.12,88.95,125.23,28.67,26.1,71.59351368,66.71995467,23.55882094,282,54.25531915,21.9858156,23.75886525,282,0,1,1
103,103,155,66,86,5.9,0.14,0.066,13.42,78.73,46.97,33.23,45.1,57.68272924,60.65171481,19.97215954,307,50.48859935,21.49837134,28.01302932,307,0,1,0
104,104,98,85,191,6,1.45,0.28,14.47,179.63,85.79,47.76,65.83,62.69503871,65.43835393,18.47891261,374,26.20320856,22.72727273,51.06951872,374,0,1,0
105,105,95,87,141,4.8,0.88,0.27,18.63,71.11,64.77,20.86,58.64,57.80840636,102.0861694,21.77689322,323,29.41176471,26.93498452,43.65325077,323,0,0,0
106,106,107,79,127,5.7,0.75,0.25,9.46,80.98,89.12,29.14,60.91,66.50415474,105.4654703,25.6217169,313,34.18530351,25.23961661,40.57507987,313,0,0,0
107,107,123,74,134,6,0.83,0.31,19.9,140.22,99.24,23.29,70.52,66.6902901,78.06639649,25.19192419,331,37.16012085,22.35649547,40.48338369,331,0,1,0
108,108,93,73,139,6.4,1.05,0.18,18.34,191.43,54.99,37.53,54.89,62.5542482,65.27798457,20.41683147,305,30.49180328,23.93442623,45.57377049,305,0,1,0
109,109,137,74,188,6.1,0.57,0.17,15.44,84.83,51.88,50,69.45,66.78627406,109.2162279,24.92162194,399,34.3358396,18.54636591,47.11779449,399,0,1,0
110,110,145,84,191,5.1,1.07,0.19,15.6,50.27,64.46,38.88,66.69,73.4541537,94.29712821,23.31689124,420,34.52380952,20,45.47619048,420,0,1,0
111,111,86,83,143,5.7,0.89,0.34,13.28,173.21,70.27,22.48,66.15,68.3584573,74.05474936,24.84016732,312,27.56410256,26.6025641,45.83333333,312,0,0,0
112,112,148,76,197,6,0.87,0.22,15.81,110.14,65.92,20.69,55.41,58.84015925,63.87020584,22.27526694,421,35.1543943,18.05225653,46.79334917,421,0,1,0
113,113,137,71,170,5.1,0.72,0.32,9.97,88.37,95.67,40.4,63.5,65.76816093,94.76189431,18.87751445,378,36.24338624,18.78306878,44.97354497,378,0,1,0
114,114,131,81,149,4.8,1.44,0.16,16.96,64.95,72.87,47.96,61.14,60.2001687,72.12375573,25.19008683,361,36.28808864,22.43767313,41.27423823,361,0,1,0
115,115,129,85,179,5.2,0.88,0.23,12.08,123.96,77.69,30.11,67.32,55.28220433,63.72358154,18.25405352,393,32.82442748,21.62849873,45.54707379,393,0,1,0
116,116,86,80,195,6.8,1.22,0.21,19.53,62.65,55.71,22.56,64.69,70.4162444,104.1626147,24.6129118,361,23.82271468,22.16066482,54.0166205,361,0,1,0
117,117,81,87,128,6.4,1.17,0.25,16.92,188.97,53.49,34.25,62.58,65.26185135,76.68456006,25.1420613,296,27.36486486,29.39189189,43.24324324,296,0,0,0
118,118,127,80,163,5.6,1.3,0.21,12.3,173.53,63.03,44.37,65.89,60.1159381,65.49730729,23.09348056,370,34.32432432,21.62162162,44.05405405,370,0,1,0
119,119,111,82,164,5.8,0.63,0.24,14.66,196.99,82.4,46.82,58.46,62.89366992,84.23613484,18.05033737,357,31.09243697,22.96918768,45.93837535,357,0,1,0
120,120,100,82,159,5.4,0.55,0.2,14.32,148.77,61.36,40.08,68.78,73.80435276,79.74078719,24.9321581,341,29.3255132,24.04692082,46.62756598,341,0,0,0
121,121,112,88,148,6.2,1.48,0.25,14.38,63.05,81.71,45,66.52,71.09445342,88.07753741,18.14710054,348,32.18390805,25.28735632,42.52873563,348,0,0,0
122,122,89,77,156,5.2,0.82,0.27,12.54,100.06,86.28,45.08,62.04,66.65952796,80.97573281,18.28362235,322,27.63975155,23.91304348,48.44720497,322,0,1,0
123,123,85,80,131,5,1.29,0.34,18.71,51.06,87.68,41.62,70.34,58.75082029,79.7532896,18.83344471,296,28.71621622,27.02702703,44.25675676,296,0,0,0
124,124,118,70,153,5.7,1.08,0.24,11.09,162.31,84.41,27.58,69.93,67.22190688,74.51490791,25.71895816,341,34.60410557,20.52785924,44.86803519,341,0,1,0
125,125,148,73,198,5.5,0.58,0.29,13.5,182.25,56.44,35.78,58.55,68.49835977,96.46380213,25.33797709,419,35.3221957,17.42243437,47.25536993,419,0,1,0
126,126,82,86,136,6.8,1.28,0.23,17.82,107.04,88.46,20.84,66.11,57.48775781,102.8301942,23.89114571,304,26.97368421,28.28947368,44.73684211,304,0,0,0
127,127,110,71,146,6.1,1.44,0.2,19.17,139.93,88.28,26.8,71.76,71.50905983,102.4852929,21.53574127,327,33.63914373,21.71253823,44.64831804,327,0,1,0
128,128,109,76,182,5.1,1.39,0.31,12.91,85.58,60.77,39.58,72.53,63.10459626,70.43473609,23.08974909,367,29.70027248,20.70844687,49.59128065,367,0,1,0
129,129,92,77,162,4.5,0.64,0.18,10.56,171.73,84.09,32.57,63.14,63.4711755,108.8303762,25.61707368,331,27.79456193,23.26283988,48.94259819,331,0,1,0
130,130,138,86,149,5.9,0.65,0.21,12.61,145.64,85.73,49.73,58.16,63.1621551,65.88951188,21.44526922,373,36.99731903,23.05630027,39.9463807,373,0,1,0
131,131,91,78,159,6.4,1.36,0.15,16.29,130.77,57.57,44.17,68.17,55.53128131,90.988051,18.51816776,328,27.74390244,23.7804878,48.47560976,328,0,1,0
132,132,132,87,195,4.5,0.94,0.31,18.19,72.44,88.09,44.92,74.56,67.99257471,64.40866039,22.53510514,414,31.88405797,21.01449275,47.10144928,414,0,1,0
133,133,114,82,183,6.1,0.69,0.34,9.91,180.56,53.28,48.57,56.56,61.89472002,63.03843397,23.02038334,379,30.07915567,21.63588391,48.28496042,379,0,1,0
134,134,128,89,184,6.5,0.8,0.31,17.45,122.21,95.92,46.73,57.67,65.61418761,87.9298085,24.89364635,401,31.9201995,22.19451372,45.88528678,401,0,1,0
135,135,98,78,179,6.8,1.29,0.17,19.88,190.72,56.17,49.92,62.77,74.089114,107.4931917,25.77175115,355,27.6056338,21.97183099,50.42253521,355,0,1,0
136,136,91,80,132,5.4,0.81,0.32,9.63,99.14,72.69,42.77,50.03,62.35750641,60.95197486,19.39851734,303,30.0330033,26.40264026,43.56435644,303,0,0,0
137,137,98,78,131,6.1,1.05,0.35,19.3,187.27,50.73,31.89,54.75,59.64024162,109.7515385,21.54156232,307,31.9218241,25.40716612,42.67100977,307,0,0,0
138,138,97,84,183,4.6,1.4,0.26,8.42,173.88,92.04,31.31,51.5,74.82913698,91.76337172,23.79746068,364,26.64835165,23.07692308,50.27472527,364,0,1,0
139,139,110,86,154,6.4,1.39,0.3,11.62,138.84,82.52,46.43,57.24,74.52600826,94.26249353,18.9802729,350,31.42857143,24.57142857,44,350,0,0,0
140,140,102,89,160,5.3,1.09,0.29,8.66,178.86,66.75,29.77,73.99,73.13112261,71.07562236,24.10859207,351,29.05982906,25.35612536,45.58404558,351,0,0,0
141,141,104,85,172,5.3,1.12,0.17,16.41,105.55,64.46,49.61,61.2,70.04556743,76.72860067,24.7947077,361,28.80886427,23.54570637,47.64542936,361,0,1,0
142,142,139,74,125,6.7,0.77,0.25,17.53,97.52,52.55,27.09,62.16,60.27766379,69.21803098,21.63162756,338,41.12426036,21.89349112,36.98224852,338,0,1,0
143,143,118,86,179,5.7,0.87,0.32,16.08,172.71,63.92,22.72,60.75,57.21025565,101.7004306,25.37548751,383,30.80939948,22.45430809,46.73629243,383,0,1,0
144,144,128,73,123,4.7,1.42,0.35,10.33,56.62,72.65,34.1,56.43,72.85462807,106.6213157,22.21738222,324,39.50617284,22.5308642,37.96296296,324,0,1,0
145,145,111,74,165,6.8,1.25,0.27,10.98,169.05,50.52,33.8,60.5,69.00128641,66.29390357,20.58314011,350,31.71428571,21.14285714,47.14285714,350,0,1,0
146,146,127,72,168,6.5,0.5,0.21,13.12,92.31,73.36,45.64,52.79,68.74248334,91.26056654,24.87502824,367,34.60490463,19.61852861,45.77656676,367,0,1,0
147,147,110,82,167,5.8,1.08,0.18,15.08,139.78,60.57,44.21,71.44,56.35606753,109.024141,20.03728219,359,30.64066852,22.84122563,46.51810585,359,0,1,0
148,148,112,87,145,5,1.36,0.19,8.34,55.17,82.6,20.66,71.2,61.89082199,99.57981207,25.95263264,344,32.55813953,25.29069767,42.15116279,344,0,0,0
149,149,80,71,169,6.4,1.37,0.18,10.31,59.08,89.43,45.57,72.04,65.47050802,71.3195307,19.28889933,320,25,22.1875,52.8125,320,0,1,0
150,150,105,72,164,4.9,1,0.15,15.34,148.32,59.16,25.77,55.5,65.34583901,78.34604471,20.57981887,341,30.79178886,21.1143695,48.09384164,341,0,1,0
151,151,122,86,167,6.4,0.71,0.32,9.86,99.1,68.08,47.83,60.31,56.73426469,88.45361858,24.71417533,375,32.53333333,22.93333333,44.53333333,375,0,1,0
152,152,111,76,155,6.8,1.28,0.3,12.38,77.21,89.26,46.94,68.06,63.91281869,62.50351892,20.27317074,342,32.45614035,22.22222222,45.32163743,342,0,1,0
153,153,145,73,181,6.4,0.81,0.17,8.78,196.66,54.72,37.8,52.55,64.23580251,76.41312437,18.41932981,399,36.34085213,18.29573935,45.36340852,399,0,1,0
154,154,112,85,184,4.7,1.1,0.32,15.36,156.35,65.26,47.26,52.13,61.74427165,107.3198135,23.39128187,381,29.39632546,22.30971129,48.29396325,381,0,1,0
155,155,107,86,159,5.3,0.64,0.17,9.11,97.91,50.78,21.14,58.37,61.24500053,100.7689246,19.84939404,352,30.39772727,24.43181818,45.17045455,352,0,0,0
156,156,121,87,154,5.9,0.53,0.2,14.16,139.46,80.34,31.98,52.64,61.91044947,107.2681929,21.869274,362,33.42541436,24.03314917,42.54143646,362,0,0,0
157,157,121,76,169,4.8,0.86,0.27,10.03,78.71,78.58,27.1,69.01,56.50768935,101.5952794,22.8056033,366,33.06010929,20.76502732,46.17486339,366,0,1,0
158,158,101,77,125,6.8,0.65,0.29,12.34,178.23,87.49,26.55,67.57,69.02298571,80.72515943,19.0781471,303,33.33333333,25.41254125,41.25412541,303,0,0,0
159,159,135,82,166,5.3,0.74,0.27,14.71,147.87,53.86,47.16,54.12,65.35549924,83.73280082,22.02720976,383,35.24804178,21.40992167,43.34203655,383,0,1,0
160,160,145,88,136,6.3,1.46,0.31,15.76,100.48,88.57,45.59,64.45,59.24537979,89.9622014,23.80546189,369,39.29539295,23.84823848,36.85636856,369,0,1,0
161,161,81,76,136,4.8,1.44,0.22,8.18,134.97,73.02,31.52,74.15,69.0276233,88.10234397,18.52510753,293,27.64505119,25.93856655,46.41638225,293,0,0,0
162,162,133,87,192,6.8,0.74,0.22,8.15,102.08,92.19,44.92,50.3,61.32026065,64.77791424,23.50297882,412,32.2815534,21.11650485,46.60194175,412,0,1,0
163,163,144,85,190,7,0.65,0.24,17.03,174.27,53.8,43.84,66.57,72.89187265,73.33636055,26.54986394,419,34.36754177,20.28639618,45.34606205,419,0,1,0
164,164,130,73,152,4.9,1.22,0.17,14.82,124.33,81.57,21.44,53.55,69.63481219,83.21030571,19.29563411,355,36.61971831,20.56338028,42.81690141,355,0,1,0
165,165,81,77,151,5.6,1.43,0.32,11.18,70.99,82.76,30.27,52.31,59.4375337,103.651438,20.68899915,309,26.21359223,24.91909385,48.86731392,309,0,0,0
166,166,85,71,146,6.3,0.94,0.23,15.47,112.89,85.97,28.88,50.93,68.034493,84.22969177,19.32666088,302,28.14569536,23.50993377,48.34437086,302,0,1,0
167,167,82,86,168,6.5,0.95,0.24,9.8,184.17,70.09,23.98,67.82,73.58868502,96.59195302,24.60532218,336,24.4047619,25.5952381,50,336,0,0,0
168,168,128,89,191,7,0.87,0.22,9.42,119.39,80.24,41.18,54.29,59.52193158,67.96704792,22.27373646,408,31.37254902,21.81372549,46.81372549,408,0,1,0
169,169,129,81,151,5.6,1.07,0.17,13.47,78.29,80.8,35.74,54.17,61.33450447,83.20711308,25.70196694,361,35.73407202,22.43767313,41.82825485,361,0,1,0
170,170,132,73,197,6.4,0.9,0.3,18,63.61,70.04,45.15,70.02,68.30578978,87.85092352,19.20129357,402,32.8358209,18.15920398,49.00497512,402,0,1,0
171,171,106,73,191,5,0.98,0.24,15.2,115.72,71.66,28.04,69.75,60.47470519,95.71388473,21.70181447,370,28.64864865,19.72972973,51.62162162,370,0,1,0
172,172,149,76,137,5.4,0.53,0.31,10.38,199.66,75.32,30.91,70.86,59.21235483,67.61013737,20.51716779,362,41.16022099,20.99447514,37.84530387,362,0,1,0
173,173,143,70,156,6.9,1.08,0.28,19.42,155.4,67.34,44.3,61.14,73.62548442,97.59081274,23.30355338,369,38.75338753,18.9701897,42.27642276,369,0,1,0
174,174,82,80,149,5.4,1.36,0.32,10.23,125.26,50.5,22.45,57.32,55.64709899,64.23845455,24.2547451,311,26.36655949,25.72347267,47.90996785,311,0,0,0
175,175,133,84,143,5.9,0.54,0.21,8.66,179.38,93.09,22.96,64.98,65.7420046,75.82270467,24.86374934,360,36.94444444,23.33333333,39.72222222,360,0,1,0
176,176,97,83,144,4.7,1.33,0.33,18.13,167.25,57.47,21.4,66.93,65.77472881,88.17251033,22.6265115,324,29.9382716,25.61728395,44.44444444,324,0,0,0
177,177,81,71,200,5.5,0.98,0.32,18.86,84.31,55.71,46.04,55.79,60.61494304,104.2321615,18.04185513,352,23.01136364,20.17045455,56.81818182,352,0,1,0
178,178,116,88,193,6.8,1.16,0.15,19.09,160.72,50.75,30.52,73.35,72.33125523,67.10225139,23.26237612,397,29.21914358,22.16624685,48.61460957,397,0,1,0
179,179,116,85,139,6.5,0.88,0.26,10.96,142.87,65.39,30.32,51.12,71.59722446,67.72777298,22.88330922,340,34.11764706,25,40.88235294,340,0,0,0
180,180,112,81,138,4.8,0.84,0.2,10.61,158.96,57.34,23.21,71.31,69.36385721,103.2234212,25.97482359,331,33.83685801,24.47129909,41.6918429,331,0,0,0
181,181,122,85,184,6.5,0.94,0.28,18.77,92.46,62.6,26.7,52.17,66.20569924,107.2361366,26.14384005,391,31.20204604,21.73913043,47.05882353,391,0,1,0
182,182,88,78,171,6.5,0.8,0.2,13.79,169.65,88.96,32.04,59.77,61.55327249,75.03247667,18.66116213,337,26.11275964,23.14540059,50.74183976,337,0,1,0
183,183,131,80,159,6.3,1,0.29,13.65,98.47,64.59,26.92,62.41,55.97732754,78.16077693,25.10787449,370,35.40540541,21.62162162,42.97297297,370,0,1,0
184,184,125,73,146,6.1,1.07,0.26,8.41,156.85,54.11,36.71,63.81,59.24580604,105.0083144,23.33844615,344,36.3372093,21.22093023,42.44186047,344,0,1,0
185,185,140,88,156,5.7,0.83,0.27,10.6,69.37,60.93,41.08,68.99,65.92195844,62.49190812,25.08239719,384,36.45833333,22.91666667,40.625,384,0,1,0
186,186,115,86,131,5.3,0.8,0.23,9.09,111.15,81.54,37.04,68.36,72.52054555,107.9124111,25.36768364,332,34.63855422,25.90361446,39.45783133,332,0,0,0
187,187,137,81,122,4.7,0.89,0.23,8.44,51.04,59.46,45.83,57.05,63.31801994,74.52082026,25.34217103,340,40.29411765,23.82352941,35.88235294,340,0,1,0
188,188,129,76,169,5.1,1.06,0.25,12.33,89.79,87.9,31.5,58.32,67.816568,62.91359494,25.00933355,374,34.49197861,20.32085561,45.18716578,374,0,1,0
189,189,120,81,134,5.3,1.49,0.16,13.41,134.52,96.6,41.39,71.43,71.516474,69.93293255,18.66746724,335,35.82089552,24.17910448,40,335,0,0,0
190,190,103,87,182,5.1,1.1,0.25,11.75,182.53,71.27,24.36,52.73,63.73849998,108.5054416,20.37999665,372,27.68817204,23.38709677,48.92473118,372,0,1,0
191,191,126,80,161,5.8,0.74,0.34,14.23,158.95,63.24,47.82,73.14,72.61024172,78.96159541,18.09300227,367,34.33242507,21.79836512,43.86920981,367,0,1,0
192,192,90,77,124,6,1.18,0.31,12.29,187.65,70.65,42.9,73,71.96246617,79.84925393,26.16985907,291,30.92783505,26.4604811,42.61168385,291,0,0,0
193,193,129,80,146,5.7,1.45,0.29,17.4,182.3,83.22,26.85,59.76,61.37879671,93.62039175,18.65396672,355,36.33802817,22.53521127,41.12676056,355,0,1,0
194,194,129,76,190,6.5,0.57,0.33,14.35,178.82,91.08,30.23,53.52,59.37147589,85.75692395,26.07470121,395,32.65822785,19.24050633,48.10126582,395,0,1,0
195,195,100,83,170,6.3,0.71,0.17,18.47,157.91,88.5,33.82,65.78,72.80086137,82.34162918,18.92851916,353,28.3286119,23.51274788,48.15864023,353,0,1,0
196,196,109,72,185,6.1,0.88,0.27,8.99,179.75,65.98,48.29,74.03,63.24648023,108.7603001,23.30546753,366,29.78142077,19.67213115,50.54644809,366,0,1,0
197,197,120,76,124,4.9,0.5,0.29,14.42,128.4,71.42,33.21,70.96,62.49878458,70.23401597,18.74826712,320,37.5,23.75,38.75,320,0,1,0
198,198,123,81,126,5.4,1.19,0.21,17.92,98.48,79.91,49.91,56.88,59.66263104,65.50861389,19.74213321,330,37.27272727,24.54545455,38.18181818,330,0,0,0
199,199,100,86,188,4.5,1.5,0.34,8.16,107.13,81.09,45.14,52.47,70.74739256,98.73771338,25.73044432,374,26.73796791,22.99465241,50.26737968,374,0,1,0
200,200,132,80,156,5.4,1.09,0.17,9.54,136.22,53.68,26.69,68.39,16.98861173,88.55123143,17.02498456,368,35.86956522,21.73913043,42.39130435,368,0,1,0
201,201,118,74,165,6.6,0.63,0.34,13.95,132.96,81.76,41.04,71.78,17.13159126,79.92698081,19.02061277,357,33.05322129,20.72829132,46.21848739,357,0,1,0
202,202,105,82,195,6.2,1.18,0.22,15.66,59.27,85.65,34.64,68.93,15.40589717,68.54932919,17.88776475,382,27.48691099,21.46596859,51.04712042,382,0,1,0
203,203,148,74,196,5.4,0.8,0.31,17.92,147.96,78.05,23.14,67.2,15.65809214,88.51048983,18.86805647,418,35.40669856,17.70334928,46.88995215,418,0,1,0
204,204,121,45,61,6.1,0.9,0.189,12.01,132.03,120.31,32.21,29.1,19.56381041,79.26357665,18.36952567,227,53.30396476,19.82378855,26.8722467,227,0,1,0
205,205,124,34,102,5.6,0.23,0.132,12.3,143.3,122.4,48.21,48.21,15.40312102,92.68373702,20.45078582,260,47.69230769,13.07692308,39.23076923,260,0,0,0
206,206,131,24,61,6.5,0.74,0.206,30.01,209.2,992.78,29.4,17.02,16.60820843,74.6631118,20.6543203,216,60.64814815,11.11111111,28.24074074,216,1,0,0
207,207,126,31,56,6.2,0.51,0.312,22.32,165.2,302.2,25.99,25.21,18.74926979,82.61734721,17.3348681,213,59.15492958,14.55399061,26.29107981,213,1,0,0
208,208,154,60,68,6.1,0.11,0.03,20.17,89.54,124.37,38.58,25.3,18.90426935,81.84997529,18.17912258,282,54.60992908,21.27659574,24.11347518,282,0,1,0
209,209,154,65,88,6.1,0.15,0.065,13.21,79.73,45.97,32.44,45.9,18.30968112,81.98568791,18.01272266,307,50.16286645,21.17263844,28.66449511,307,0,1,0
210,210,157,35,62,5.9,0.2,0.105,12.01,149.89,98.51,38.97,28.68,19.33470387,93.55280105,20.99373558,254,61.81102362,13.77952756,24.40944882,254,1,0,0
211,211,174,35,72,6.2,0.11,0.048,24.4,81.25,130.27,48.97,28.33,15.22538951,74.58565097,19.46233971,281,61.92170819,12.45551601,25.6227758,281,1,0,0
212,212,154,35,93,5.7,0.16,0.139,12.75,66.39,54.01,45.19,29.05,14.69765308,78.96514709,19.81344531,282,54.60992908,12.41134752,32.9787234,282,0,0,0
213,213,141,42,76,6.3,0.15,0.127,18.6,135.09,145.14,47.87,47.91,19.5161216,80.7108745,18.97424756,259,54.44015444,16.21621622,29.34362934,259,0,1,0
214,214,101,32,91,6.1,0.12,0.138,24.13,110.32,51.64,42.05,34.34,14.71070537,70.18185181,18.19737048,224,45.08928571,14.28571429,40.625,224,0,0,0
215,215,104,63,76,5.6,0.13,0.196,16.26,132.54,63.94,36.44,33.4,19.18197264,71.58010169,18.72963144,243,42.79835391,25.92592593,31.27572016,243,0,0,0
216,216,155,59,62,6.1,0.13,0.168,21.23,123.43,143.6,32.12,37.48,19.8601304,73.50734019,20.99502153,276,56.15942029,21.37681159,22.46376812,276,1,1,1
217,217,109,54,67,6.5,0.2,0.03,12.74,130.43,33.9,42.2,49.29,16.39535215,82.52339655,20.28155898,230,47.39130435,23.47826087,29.13043478,230,0,1,0
218,218,175,50,65,5.6,0.19,0.068,16.92,96.64,91.18,44.15,46.69,15.7559405,66.96980581,17.48042641,290,60.34482759,17.24137931,22.4137931,290,1,1,1
219,219,153,66,64,5.8,0.18,0.086,13.77,54.1,147.49,40.98,46.51,14.32313811,90.46228334,20.88818675,283,54.06360424,23.32155477,22.61484099,283,0,1,1
220,220,145,55,72,5.6,0.2,0.152,12.36,94.31,126.75,39.56,30.38,16.14565756,71.31007253,17.08498521,272,53.30882353,20.22058824,26.47058824,272,0,1,0
221,221,112,36,88,6.3,0.2,0.154,5.97,147.11,113.15,36.75,44.72,15.11279612,85.74904898,20.09340593,236,47.45762712,15.25423729,37.28813559,236,0,0,0
222,222,110,48,83,5.5,0.12,0.048,11.69,108.69,140.64,48.27,39.05,14.99927489,89.31050665,17.57212145,241,45.64315353,19.91701245,34.43983402,241,0,1,0
223,223,143,59,95,6.2,0.22,0.029,23.11,126.22,66.97,45.86,27.25,18.43475844,85.52950164,19.12065218,297,48.14814815,19.86531987,31.98653199,297,0,1,0
224,224,160,37,74,5.9,0.16,0.097,5.07,122.51,112.08,38.31,38.49,19.22008229,72.94940441,18.57665902,271,59.04059041,13.65313653,27.30627306,271,1,0,0
225,225,144,43,77,6.3,0.19,0.084,10.38,109.01,77.04,30.59,25.51,14.42457525,72.32667516,17.16606398,264,54.54545455,16.28787879,29.16666667,264,0,1,0
226,226,171,44,76,5.9,0.19,0.165,17.05,99.76,52.69,43.1,26.33,16.67921616,74.87445574,18.2872007,291,58.7628866,15.12027491,26.11683849,291,1,0,0
227,227,132,60,90,5.9,0.14,0.183,24.81,114.52,145.36,40.77,37.36,18.66725565,94.70992037,19.03025305,282,46.80851064,21.27659574,31.91489362,282,0,1,0
228,228,113,32,62,5.8,0.14,0.156,9.51,73.86,126.93,46.06,26.58,17.0662427,83.74606679,17.1418614,207,54.58937198,15.4589372,29.95169082,207,0,0,0
229,229,145,43,89,5.9,0.2,0.126,5.56,84.79,93.06,32.96,47.63,17.93253975,78.92060234,17.47809436,277,52.3465704,15.5234657,32.1299639,277,0,0,0
230,230,178,43,95,6.2,0.13,0.109,14.91,131.24,139.98,37.66,48.19,14.25803981,83.75937135,20.56601874,316,56.32911392,13.60759494,30.06329114,316,1,0,0
231,231,103,61,66,5.6,0.17,0.135,5.6,92.74,40.6,33.96,39.59,15.82069268,76.57580954,17.22385224,230,44.7826087,26.52173913,28.69565217,230,0,0,0
232,232,138,55,94,5.6,0.17,0.018,18.61,58.74,39.78,38.4,38.75,19.44225438,91.76071648,19.69141713,287,48.08362369,19.16376307,32.75261324,287,0,1,0
233,233,112,44,89,5.9,0.15,0.169,23.17,71.36,43.41,44.93,27.84,19.09172907,76.32470713,17.84851658,245,45.71428571,17.95918367,36.32653061,245,0,1,0
234,234,164,55,94,6.4,0.14,0.071,16.15,60.24,99.57,33.07,28.04,16.1074793,89.73119396,18.8202251,313,52.39616613,17.57188498,30.03194888,313,0,1,0
235,235,112,30,89,6.4,0.19,0.058,17.96,100.47,109.6,44.27,27.97,16.54314829,93.35034262,17.47500984,231,48.48484848,12.98701299,38.52813853,231,0,0,0
236,236,115,59,70,6.2,0.15,0.037,12.9,97.48,82.74,43.53,49.16,17.58406365,81.20176515,18.72649425,244,47.13114754,24.18032787,28.68852459,244,0,0,0
237,237,169,37,69,6,0.23,0.175,18.88,139.12,106.28,39.89,48.73,16.17772668,81.70769297,18.65580107,275,61.45454545,13.45454545,25.09090909,275,1,0,0
238,238,129,69,62,5.7,0.2,0.026,14.83,70.54,35.31,30.22,47.12,19.68538502,83.74879344,18.2356751,260,49.61538462,26.53846154,23.84615385,260,0,0,1
239,239,138,31,90,5.7,0.22,0.118,10.32,126.06,125.6,35.25,36.66,15.21618225,77.5429424,18.81198127,259,53.28185328,11.96911197,34.74903475,259,0,0,0
240,240,146,37,72,6.4,0.18,0.155,20.66,121.27,47.06,47.95,38.34,17.80852431,77.92798682,18.65054116,255,57.25490196,14.50980392,28.23529412,255,1,0,0
241,241,117,52,70,6.1,0.12,0.094,13.4,71.52,86.25,42.06,48.22,16.89574311,82.2545577,20.36720401,239,48.9539749,21.75732218,29.28870293,239,0,1,0
242,242,101,35,93,6.2,0.17,0.055,20.46,73.8,129.76,33.22,36.06,16.63805158,70.52056697,18.38120357,229,44.10480349,15.28384279,40.61135371,229,0,0,0
243,243,110,36,66,6.5,0.2,0.177,13.75,58.9,71.59,39.09,43.98,17.30457712,72.78624223,17.17012591,212,51.88679245,16.98113208,31.13207547,212,0,1,0
244,244,127,37,85,5.8,0.11,0.074,16.91,105.31,107.2,31.54,28.53,15.77458129,85.24819851,19.37101121,249,51.00401606,14.85943775,34.13654618,249,0,0,0
245,245,144,36,77,6.3,0.16,0.176,14.29,109.33,50.24,49.12,34.73,14.27327988,85.37378769,17.92845928,257,56.0311284,14.0077821,29.96108949,257,1,0,0
246,246,157,48,96,5.6,0.17,0.077,16.42,50.11,49.38,37.58,44.25,18.23490739,75.6317566,19.45339934,301,52.15946844,15.94684385,31.89368771,301,0,0,0
247,247,112,51,82,6.5,0.14,0.026,11.12,103.8,78.74,32.85,35.88,14.92241479,89.61857826,19.12829388,245,45.71428571,20.81632653,33.46938776,245,0,1,0
248,248,105,38,73,6.1,0.12,0.164,10.85,121.53,52.55,34.12,34.97,17.26184541,75.49101167,19.1034283,216,48.61111111,17.59259259,33.7962963,216,0,1,0
249,249,111,51,65,5.7,0.17,0.035,18.11,148.12,96.33,49.96,33.7,16.96070581,86.05078037,17.48504075,227,48.89867841,22.46696035,28.63436123,227,0,1,0
250,250,119,67,64,5.7,0.13,0.086,21.69,114.2,118.04,30.97,34.87,18.98030507,80.25064637,19.40751744,250,47.6,26.8,25.6,250,0,0,0
251,251,153,49,68,6.3,0.12,0.145,12.16,109.07,62.63,46.67,40.29,19.63719995,78.26039559,20.18649426,270,56.66666667,18.14814815,25.18518519,270,1,1,0
252,252,126,46,66,6.2,0.13,0.167,24.95,145.21,133.91,37.79,37.29,15.15405941,75.57790384,17.30287885,238,52.94117647,19.32773109,27.73109244,238,0,1,0
253,253,118,32,98,5.7,0.14,0.157,11.81,83.19,110.55,40.52,49.58,15.48083156,72.9446671,17.50361137,248,47.58064516,12.90322581,39.51612903,248,0,0,0
254,254,139,38,93,5.8,0.21,0.142,11.64,113.1,73.56,43.58,36.4,14.70085967,90.7760707,18.17234999,270,51.48148148,14.07407407,34.44444444,270,0,0,0
255,255,122,40,88,5.5,0.21,0.037,13.58,118.4,54.08,32.59,30.08,16.71826572,77.81891424,17.57445618,250,48.8,16,35.2,250,0,1,0
256,256,138,36,80,5.8,0.17,0.168,17.66,68.65,75.39,49.8,44.38,18.91295403,78.06910795,20.93175255,254,54.33070866,14.17322835,31.49606299,254,0,0,0
257,257,105,63,92,6.4,0.18,0.17,17.41,118.65,100.65,41.52,46.6,17.63879418,85.57925437,19.71098332,260,40.38461538,24.23076923,35.38461538,260,0,0,0
258,258,108,49,96,6.1,0.22,0.095,6.17,138.31,46.44,47.56,47.76,17.86754927,69.40619137,19.07937684,253,42.68774704,19.36758893,37.94466403,253,0,1,0
259,259,136,30,65,6,0.21,0.15,7.13,63.69,95.25,44.48,42.65,16.02542689,76.32565249,18.54988627,231,58.87445887,12.98701299,28.13852814,231,1,0,0
260,260,174,68,92,6.5,0.16,0.113,15.36,98.87,95.42,44.77,25.17,17.41333199,80.6405403,18.19903647,334,52.09580838,20.35928144,27.54491018,334,0,1,0
261,261,127,31,84,6.3,0.16,0.105,6.35,104.14,68.28,34.08,31.06,14.99451145,80.1113384,18.88852533,242,52.47933884,12.80991736,34.7107438,242,0,0,0
262,262,142,34,83,6.4,0.23,0.162,10.38,133.11,60.52,43.96,40.92,14.72115044,91.94595352,18.49311205,259,54.82625483,13.12741313,32.04633205,259,0,0,0
263,263,110,32,61,6.3,0.23,0.086,17.59,57.08,35.93,49.86,44.8,17.17260319,87.51312796,19.48974337,203,54.18719212,15.7635468,30.04926108,203,0,0,0
264,264,103,30,85,6.5,0.2,0.187,19.5,118.77,59.39,37.03,43.38,18.74943955,94.00287214,17.25769499,218,47.24770642,13.76146789,38.99082569,218,0,0,0
265,265,174,44,88,5.9,0.19,0.129,21.89,98.45,91.13,40.97,41.47,18.71483156,88.4585692,19.62416326,306,56.8627451,14.37908497,28.75816993,306,1,0,0
266,266,120,30,95,6,0.14,0.168,23.74,129.92,39.26,39.55,27.81,19.85388984,84.78344008,20.67526473,245,48.97959184,12.24489796,38.7755102,245,0,0,0
267,267,155,66,78,6.4,0.21,0.083,5.55,86.18,67.81,35.12,32.28,16.63294455,68.97806542,20.02381489,299,51.83946488,22.0735786,26.08695652,299,0,1,0
268,268,102,43,78,5.7,0.14,0.037,12.92,121,72.13,47.37,30.51,14.44228303,88.68168643,20.1187446,223,45.73991031,19.28251121,34.97757848,223,0,1,0
269,269,139,41,83,6,0.2,0.08,19.38,125.48,115.82,46.79,28.42,15.84572566,65.23811143,20.65691793,263,52.85171103,15.58935361,31.55893536,263,0,0,0
270,270,168,54,93,6.4,0.19,0.089,20.76,73.32,63.59,34.81,38.72,14.2804191,65.78042032,19.2582557,315,53.33333333,17.14285714,29.52380952,315,0,1,0
271,271,174,58,72,5.5,0.2,0.19,10.08,142.65,92.32,44.04,43.55,15.85622899,74.63872762,17.927806,304,57.23684211,19.07894737,23.68421053,304,1,1,1
272,272,154,41,99,5.7,0.21,0.138,18.96,89.15,115.82,41.26,27.68,15.83500655,82.69766829,19.16288268,294,52.38095238,13.94557823,33.67346939,294,0,0,0
273,273,114,53,64,5.8,0.13,0.153,13.5,108.36,66.57,31.38,47.14,19.96978871,69.64449182,20.26942271,231,49.35064935,22.94372294,27.70562771,231,0,1,0
274,274,171,51,87,6.3,0.22,0.139,18.52,57.31,32.46,36.56,40.68,18.25142068,87.27444866,17.09104223,309,55.33980583,16.50485437,28.15533981,309,1,1,0
275,275,171,32,93,6,0.23,0.115,19.86,141.12,126.25,45.65,36.93,17.54024066,70.87150577,17.06579293,296,57.77027027,10.81081081,31.41891892,296,1,0,0
276,276,155,68,90,5.9,0.21,0.043,15.61,68.39,143.41,33.38,34.38,14.44008871,92.06630306,20.62767492,313,49.52076677,21.72523962,28.75399361,313,0,1,0
277,277,176,48,63,6.1,0.22,0.066,17.88,122.45,105.73,39.44,39.19,17.85057083,79.20509212,20.8248451,287,61.32404181,16.72473868,21.95121951,287,1,1,1
278,278,176,58,65,6.3,0.11,0.108,24.15,144.58,50.68,48.61,26.21,18.72831993,68.81405149,19.46210401,299,58.86287625,19.39799331,21.73913043,299,1,1,1
279,279,114,47,78,6.1,0.14,0.092,19.05,80.38,35.23,36.23,40.41,16.42891834,72.85017344,17.18248372,239,47.69874477,19.66527197,32.63598326,239,0,1,0
280,280,140,47,93,5.8,0.12,0.133,15.48,102.57,135.73,33.25,29.09,16.39055394,79.45758333,17.48911699,280,50,16.78571429,33.21428571,280,0,1,0
281,281,134,38,84,6.4,0.2,0.187,15.31,142.59,85.77,43.85,45.08,14.76014523,65.11365631,17.48395377,256,52.34375,14.84375,32.8125,256,0,0,0
282,282,152,65,92,6,0.15,0.135,18.51,146.74,103.49,32.97,47.64,17.44534641,80.4986291,19.48316794,309,49.19093851,21.03559871,29.77346278,309,0,1,0
283,283,116,67,61,5.6,0.16,0.112,15.7,91.5,147.28,37.93,29.82,18.09665739,73.64476535,19.71359733,244,47.54098361,27.45901639,25,244,0,0,0
284,284,151,62,82,5.8,0.16,0.111,8.35,109.41,142.26,40.95,27.83,16.06240074,81.5284269,19.48649305,295,51.18644068,21.01694915,27.79661017,295,0,1,0
285,285,111,64,62,5.7,0.16,0.135,20.86,60.16,111.83,34.16,39.67,14.82633099,88.6810311,19.95264829,237,46.83544304,27.00421941,26.16033755,237,0,0,0
286,286,160,35,80,5.9,0.23,0.109,15.84,87.43,145.86,37.01,42.23,16.80472243,68.4951189,19.41789736,275,58.18181818,12.72727273,29.09090909,275,1,0,0
287,287,145,48,81,6.4,0.15,0.178,8.66,129.52,143.29,47.53,45.15,18.02235902,78.44910564,19.45591848,274,52.91970803,17.51824818,29.5620438,274,0,1,0
288,288,119,48,89,5.6,0.23,0.097,13.52,66.62,49.53,49.77,43.82,16.41998269,77.33795356,20.19137759,256,46.484375,18.75,34.765625,256,0,1,0
289,289,170,40,69,6.1,0.11,0.064,20.62,132.94,57.34,37.02,39.3,14.74071856,94.78189594,18.8392908,279,60.93189964,14.33691756,24.7311828,279,1,0,0
290,290,129,52,64,5.6,0.12,0.037,24.73,105.14,114.21,49.74,38.4,19.83643308,94.03659867,20.71219282,245,52.65306122,21.2244898,26.12244898,245,0,1,0
291,291,148,34,98,6.3,0.19,0.13,19.68,145.22,120.58,32.43,44.26,15.9362937,78.69707199,18.99424448,280,52.85714286,12.14285714,35,280,0,0,0
292,292,161,47,61,6.5,0.2,0.149,12.82,123.14,96.12,49.67,47.79,15.57324389,69.15759062,19.96837462,269,59.85130112,17.47211896,22.67657993,269,1,1,1
293,293,175,41,81,5.8,0.11,0.093,8.29,74.26,101.88,47.23,39.42,17.60756635,90.82097601,17.81564548,297,58.92255892,13.8047138,27.27272727,297,1,0,0
294,294,175,47,60,6.3,0.18,0.145,7.29,115.34,87.72,42.14,30.5,15.27824066,76.77888672,20.71424384,282,62.05673759,16.66666667,21.27659574,282,1,1,1
295,295,154,69,88,5.6,0.16,0.043,14.62,102,45.64,47.74,35.59,18.75626255,67.9545435,17.34150229,311,49.51768489,22.18649518,28.29581994,311,0,1,0
296,296,161,69,60,6.4,0.2,0.138,5,52.11,60.91,48.68,25.97,14.33847406,73.0926704,17.43732714,290,55.51724138,23.79310345,20.68965517,290,1,1,1
297,297,179,59,88,6.3,0.2,0.043,10.62,100.56,134.01,47.56,34.14,19.76182946,69.09512477,18.89780215,326,54.90797546,18.09815951,26.99386503,326,0,1,0
298,298,165,35,92,5.8,0.21,0.019,18.08,84.9,100.74,45.26,34.52,14.77959596,89.60982451,18.59190771,292,56.50684932,11.98630137,31.50684932,292,1,0,0
299,299,147,60,64,6.2,0.12,0.043,15.39,70.29,140.79,34.46,36.79,15.36143547,81.78710463,18.31561493,271,54.24354244,22.1402214,23.61623616,271,0,1,1
300,300,148,54,79,5.7,0.18,0.022,16.81,88.26,89.39,30.59,49.41,20.59541693,128.256862,17.13692774,281,52.66903915,19.21708185,28.113879,281,0,1,0
301,301,110,47,93,5.9,0.17,0.029,16.42,142.64,52.27,30.64,40.21,18.90705639,106.3598183,19.63474332,250,44,18.8,37.2,250,0,1,0
302,302,105,52,87,6.4,0.2,0.177,9.41,125.32,145.88,49.41,29.37,21.33953114,109.225556,22.91350245,244,43.03278689,21.31147541,35.6557377,244,0,1,0
303,303,128,33,66,6,0.12,0.166,9.78,125.83,121.09,30.51,38.41,24.24045875,140.3717815,16.43340342,227,56.3876652,14.53744493,29.07488987,227,1,0,0
304,304,153,35,96,6.5,0.23,0.139,7.54,91.72,39.13,42.86,30.82,23.02251117,76.64128258,22.13974653,284,53.87323944,12.32394366,33.8028169,284,0,0,0
305,305,160,52,66,6.2,0.17,0.049,19.64,87.3,30.01,44.99,39.57,18.77621951,143.0984171,17.84806561,278,57.55395683,18.70503597,23.74100719,278,1,1,1
306,306,125,44,62,6.2,0.11,0.187,11.89,133.79,120.35,31.75,28.91,20.31564139,60.91974792,19.88394011,231,54.11255411,19.04761905,26.83982684,231,0,1,0
307,307,120,33,100,5.8,0.22,0.131,11.6,144.3,124.53,47.92,47.65,23.3334788,104.7783947,19.32509638,253,47.43083004,13.04347826,39.5256917,253,0,0,0
308,308,142,27,57,6.2,0.8,0.223,23.32,117.1,678.21,21.32,11.31,23.42829938,132.9801054,18.4167001,226,62.83185841,11.94690265,25.22123894,226,1,0,0
309,309,132,29,82,6.7,0.2,0.198,25.99,255.99,273.04,25.32,12.85,23.20591245,130.0608093,21.81167649,243,54.32098765,11.93415638,33.74485597,243,0,0,0
310,310,177,76,301,7.2,1.45,0.0232,12.43,165.21,64.55,17.99,7.38,18.28173015,143.7630894,19.72702528,554,31.94945848,13.71841155,54.33212996,554,0,0,0
311,311,172,95,342,6.5,0.83,0.0142,16.01,205.77,60.21,20.01,4.36,19.87070659,87.99669731,17.15432954,609,28.24302135,15.59934319,56.15763547,609,0,0,0
312,312,133,25,64,6.8,0.78,0.239,29.19,211.08,995.84,29.7,26.51,18.67170854,144.1567454,19.62207826,222,59.90990991,11.26126126,28.82882883,222,1,0,0
313,313,129,29,55,6,0.53,0.295,22.48,164.02,305.54,26.34,16.09,21.17919701,134.3649948,21.63149148,213,60.56338028,13.61502347,25.82159624,213,1,0,0
314,314,133,14,110,6.2,0.85,0.297,17.95,108.88,1490.6,24.48,13.55,18.72479695,88.06638775,16.06522754,257,51.75097276,5.447470817,42.80155642,257,0,0,0
315,315,147,15,75,6.1,0.23,0.24,31.4,258.32,986.31,24.64,24.99,24.36314135,69.63833855,20.61162204,237,62.02531646,6.329113924,31.64556962,237,1,0,0
316,316,116,22,76,6.4,0.43,0.248,30.93,276.72,563.72,27.87,21.1,20.39659714,116.5206923,21.42451099,214,54.20560748,10.28037383,35.51401869,214,0,0,0
317,317,126,12,53,6.2,0.11,0.203,24.51,195.22,566.63,27.67,14.94,21.21092266,86.21917578,19.07096165,191,65.96858639,6.282722513,27.7486911,191,0,0,0
318,318,173,13,66,6.7,0.87,0.221,23.78,232.42,221.47,22.94,19.06,19.63438599,137.1948633,21.18853178,252,68.65079365,5.158730159,26.19047619,252,0,0,0
319,319,121,26,54,6.6,0.77,0.254,20.4,214.29,1076.67,24.33,13.47,22.42610972,108.3684316,23.0429097,201,60.19900498,12.93532338,26.86567164,201,1,0,0
320,320,124,19,72,6.4,0.32,0.204,26.86,251.61,1195.74,24.69,16.06,23.10538637,67.71768947,20.65375833,215,57.6744186,8.837209302,33.48837209,215,1,0,0
321,321,139,20,76,6.5,0.41,0.222,21.05,254.19,517.91,29.49,17.2,18.29318436,144.7902323,18.09551014,235,59.14893617,8.510638298,32.34042553,235,1,0,0
322,322,145,14,68,6.6,0.71,0.202,21.04,260.73,1454.81,26.85,21.06,21.07643273,69.44951585,18.23775702,227,63.87665198,6.167400881,29.95594714,227,1,0,0
323,323,162,29,60,6.4,0.53,0.265,28.61,163.46,1420.72,28.82,13.65,18.8251973,121.9401369,17.48189735,251,64.54183267,11.55378486,23.90438247,251,1,0,1
324,324,177,21,71,6,0.48,0.273,19.91,134.31,1111.6,22.31,22.53,21.47324158,82.68554379,19.9191786,269,65.79925651,7.80669145,26.39405204,269,0,0,0
325,325,118,14,72,6.8,0.2,0.208,24.72,275.89,1307.7,26.92,15.8,23.2353604,139.7521543,20.27514686,204,57.84313725,6.862745098,35.29411765,204,1,0,0
326,326,112,18,51,6.3,0.31,0.211,22.37,160.55,1206.77,21.8,18.4,19.2303162,108.3441414,15.77370214,181,61.87845304,9.944751381,28.17679558,181,1,0,0
327,327,162,16,67,6.2,0.32,0.218,22.53,139.76,469.08,27.57,30,19.17651433,96.77285817,16.71170642,245,66.12244898,6.530612245,27.34693878,245,0,0,0
328,328,149,23,72,6,0.23,0.293,30.7,209.9,453.21,27.95,26.99,18.15302753,100.6711761,17.66148158,244,61.06557377,9.426229508,29.50819672,244,1,0,0
329,329,114,11,70,6.2,0.54,0.249,33.32,130.21,461.73,28.37,20.66,23.61670065,87.0513289,18.50692825,195,58.46153846,5.641025641,35.8974359,195,1,0,0
330,330,124,29,105,6.1,0.16,0.281,26.76,247.91,1155.23,21.08,10.35,20.81527638,64.19497947,24.51324787,258,48.0620155,11.24031008,40.69767442,258,0,0,0
331,331,127,11,57,6.4,0.52,0.287,17.75,133.52,912.7,24.84,26.29,24.54038287,105.4120514,18.87614998,195,65.12820513,5.641025641,29.23076923,195,0,0,0
332,332,124,13,106,6.5,0.65,0.278,26.85,273.06,301.1,21.46,27.27,20.31871249,61.13872036,21.59343016,243,51.02880658,5.349794239,43.62139918,243,0,0,0
333,333,164,16,61,6.1,0.62,0.239,25.75,139.58,245.67,28.69,16.19,24.45202552,106.158201,20.12373284,241,68.04979253,6.639004149,25.31120332,241,0,0,0
334,334,130,19,107,6.3,0.76,0.268,18.79,188.45,1358,25.41,23.14,18.37477907,139.0302034,15.43546065,256,50.78125,7.421875,41.796875,256,0,0,0
335,335,129,21,103,6.4,0.26,0.26,32.53,249.72,596,23.36,13.74,21.59396123,122.3886015,22.64236876,253,50.98814229,8.300395257,40.71146245,253,0,0,0
336,336,133,20,75,6.1,0.74,0.207,18.15,152.96,1354.43,26.35,12.93,24.87304788,129.5650601,21.98560799,228,58.33333333,8.771929825,32.89473684,228,1,0,0
337,337,115,26,75,6.3,0.54,0.241,17.59,134.71,1506.23,26.18,23.59,18.09224048,120.4509288,20.53052663,216,53.24074074,12.03703704,34.72222222,216,0,0,0
338,338,157,10,105,6.3,0.19,0.213,29.23,257.79,1013.28,27.05,20.18,21.14544088,95.17028129,15.78601387,272,57.72058824,3.676470588,38.60294118,272,1,0,0
339,339,152,28,97,6.8,0.62,0.251,23.25,106.45,1009.95,22.28,15.93,19.68751084,96.65888933,19.6365349,277,54.87364621,10.10830325,35.01805054,277,0,0,0
340,340,130,14,69,6.8,0.56,0.273,31.72,143.25,726.91,24.6,11.52,19.7520218,87.87869161,20.57341244,213,61.03286385,6.572769953,32.3943662,213,1,0,0
341,341,152,27,92,6.3,0.35,0.286,18.93,273.27,718.75,29.86,13.83,24.84207559,138.2362122,20.16080524,271,56.08856089,9.963099631,33.94833948,271,1,0,0
342,342,138,20,97,6.3,0.22,0.299,26.6,148.39,942.57,26.14,22.27,24.25386207,120.6913038,21.53989176,255,54.11764706,7.843137255,38.03921569,255,0,0,0
343,343,180,17,62,6,0.44,0.252,27.08,262.68,1347.93,28.38,14.16,23.75560241,107.3850593,15.53834801,259,69.4980695,6.563706564,23.93822394,259,0,0,1
344,344,163,27,83,6.2,0.85,0.233,21.57,116.27,410.47,21.26,16.13,20.70099804,108.6434544,19.91853092,273,59.70695971,9.89010989,30.4029304,273,1,0,0
345,345,115,14,83,6.3,0.51,0.226,16.05,164.17,531.59,27.64,15.49,18.93146941,109.0193712,20.76952209,212,54.24528302,6.603773585,39.1509434,212,0,0,0
346,346,172,18,110,6.2,0.46,0.291,29.7,144.97,1031.92,24.07,13.73,23.22197648,95.84253438,23.46168338,300,57.33333333,6,36.66666667,300,1,0,0
347,347,139,27,61,6.3,0.75,0.252,16.32,178.81,880.22,27.9,27.37,21.0278674,60.27552528,24.32116642,227,61.23348018,11.89427313,26.8722467,227,1,0,0
348,348,156,17,94,6.4,0.54,0.268,27.01,228.4,1254.57,28.49,10.79,24.96969858,100.0497183,20.12574053,267,58.42696629,6.367041199,35.20599251,267,1,0,0
349,349,151,25,93,6.3,0.11,0.22,25.38,207.95,1279.57,23.44,21.14,18.57086554,125.0972687,21.80619564,269,56.133829,9.293680297,34.57249071,269,1,0,0
350,350,120,26,79,6.4,0.29,0.202,16.36,267.83,314.9,27.59,20.94,24.92607153,113.334026,19.52226241,225,53.33333333,11.55555556,35.11111111,225,0,0,0
351,351,176,23,91,6.6,0.45,0.3,30.94,211.77,264.99,23.65,11.58,19.90790546,103.2926407,17.00067625,290,60.68965517,7.931034483,31.37931034,290,1,0,0
352,352,154,20,102,6.2,0.78,0.271,17.85,258.89,935.34,20.25,14.09,24.96881755,75.45328039,16.78791503,276,55.79710145,7.246376812,36.95652174,276,1,0,0
353,353,143,27,90,6.3,0.42,0.235,20.53,135.28,1330.33,20.69,20.24,22.89464642,62.21292186,24.84906168,260,55,10.38461538,34.61538462,260,1,0,0
354,354,169,16,88,6.3,0.41,0.298,23.09,115.84,564.66,20.51,22.77,20.4555596,98.77794225,16.51783455,273,61.9047619,5.860805861,32.23443223,273,1,0,0
355,355,164,24,86,6.4,0.54,0.287,27.05,115.17,588.85,21.79,16.42,19.38602098,107.6907964,18.15300153,274,59.8540146,8.759124088,31.38686131,274,1,0,0
356,356,161,20,99,6.5,0.74,0.264,24.67,271.79,1567.22,23.35,27.97,22.3104551,63.38208822,23.18864385,280,57.5,7.142857143,35.35714286,280,1,0,0
357,357,172,27,56,6.6,0.72,0.201,27.18,169.37,267.37,21.82,22.44,21.98879437,87.66898664,23.38002569,255,67.45098039,10.58823529,21.96078431,255,0,0,1
358,358,165,26,79,6.6,0.81,0.262,19.52,110.36,1468.03,21.24,23.11,19.37703396,138.414764,18.358923,270,61.11111111,9.62962963,29.25925926,270,1,0,0
359,359,173,23,73,6.4,0.25,0.233,33.48,105.3,610.06,28.4,21.57,20.51346956,94.9533526,19.25975367,269,64.31226766,8.550185874,27.13754647,269,1,0,0
360,360,124,21,54,6.4,0.81,0.278,31.61,194.06,588.3,22.05,15.04,24.03553105,107.7315386,22.95458237,199,62.31155779,10.55276382,27.13567839,199,1,0,0
361,361,129,17,52,6.5,0.3,0.283,28.32,119.48,706.18,24.14,20.62,22.89845607,104.6252153,20.120043,198,65.15151515,8.585858586,26.26262626,198,0,0,0
362,362,165,20,88,6.7,0.82,0.298,19.45,131.61,1558.75,29.13,29.83,22.7182355,141.6056722,21.14011423,273,60.43956044,7.326007326,32.23443223,273,1,0,0
363,363,149,12,104,6.3,0.73,0.202,30.73,125.1,544.27,22.3,24.89,18.22590825,62.7089169,24.92360104,265,56.22641509,4.528301887,39.24528302,265,1,0,0
364,364,112,12,85,6,0.6,0.246,16.3,136.57,859.59,29.34,12.29,24.91506728,135.3315583,15.33042636,209,53.58851675,5.741626794,40.66985646,209,0,0,0
365,365,120,16,61,6.4,0.55,0.227,18.59,114.46,1492.46,22.12,10.17,21.27833035,125.084915,18.81097271,197,60.91370558,8.121827411,30.96446701,197,1,0,0
366,366,166,20,102,6.5,0.12,0.208,32.49,249.36,790.07,21.33,15.69,22.77255917,107.4137246,23.44260668,288,57.63888889,6.944444444,35.41666667,288,1,0,0
367,367,170,12,61,6.1,0.6,0.239,23.64,235.22,1004.84,29.53,16.26,18.97267518,63.59276673,22.8352024,243,69.95884774,4.938271605,25.10288066,243,0,0,0
368,368,139,21,103,6.7,0.84,0.226,27.51,164.9,1264.7,21.71,21.09,22.27512704,146.4727237,24.9035819,263,52.85171103,7.984790875,39.1634981,263,0,0,0
369,369,114,15,97,6.6,0.42,0.261,33.85,256.3,601.33,25.47,21.57,24.35679348,119.6404412,23.78709569,226,50.44247788,6.637168142,42.92035398,226,0,0,0
370,370,158,10,87,6.2,0.61,0.298,19.12,228.47,1564.44,27.39,12.39,19.60379304,126.7265372,22.05592283,255,61.96078431,3.921568627,34.11764706,255,1,0,0
371,371,117,14,108,6,0.68,0.21,26.6,120.62,605.39,26.47,22.11,20.18238348,134.1811718,18.87492997,239,48.9539749,5.857740586,45.18828452,239,0,0,0
372,372,169,17,72,6,0.34,0.23,27.45,228.25,933.09,21.36,23.83,23.02410338,135.3378033,18.62328774,258,65.50387597,6.589147287,27.90697674,258,0,0,0
373,373,155,13,95,6.6,0.36,0.254,25.2,108.79,1485.04,28.75,16.29,18.86880997,100.118612,23.00884744,263,58.93536122,4.942965779,36.121673,263,1,0,0
374,374,175,20,76,6.3,0.72,0.264,18.91,259.43,208.4,20.67,22.94,24.13995025,68.51253427,19.33162606,271,64.57564576,7.380073801,28.04428044,271,1,0,0
375,375,171,14,72,6.7,0.57,0.249,27.98,193.44,509.03,20.71,23.39,21.35793891,66.97053257,16.24469193,257,66.53696498,5.447470817,28.0155642,257,0,0,0
376,376,130,21,106,6.8,0.76,0.204,26.43,126.87,293,21.84,15.94,24.90814655,69.14681022,17.91652287,257,50.58365759,8.171206226,41.24513619,257,0,0,0
377,377,125,18,61,6.3,0.1,0.242,22.67,207.36,237.77,21.5,22.76,21.43780702,88.88796102,15.46789263,204,61.2745098,8.823529412,29.90196078,204,1,0,0
378,378,176,27,109,6.5,0.49,0.267,35,274.77,288.27,23.94,27.53,23.77201471,81.83420522,17.06104474,312,56.41025641,8.653846154,34.93589744,312,1,0,0
379,379,160,20,79,6.5,0.33,0.215,31.16,209.31,603.86,28.37,27.17,18.48522915,109.1013261,21.32776028,259,61.77606178,7.722007722,30.5019305,259,1,0,0
380,380,116,21,104,6.2,0.53,0.206,33.71,274.92,855.72,20.37,25.52,20.74619325,81.60211243,23.90910104,241,48.13278008,8.713692946,43.15352697,241,0,0,0
381,381,130,27,83,6,0.83,0.25,19.16,185.26,833.84,23.73,26.74,22.74378977,112.6616435,23.89756791,240,54.16666667,11.25,34.58333333,240,0,0,0
382,382,135,11,74,6.3,0.62,0.2,32.39,209.69,549.87,26.02,19.72,20.57940608,143.8584938,22.98666928,220,61.36363636,5,33.63636364,220,1,0,0
383,383,122,30,97,6.7,0.53,0.292,29.65,246.57,751.3,21.95,23.24,22.91244883,146.4548645,21.35135729,249,48.99598394,12.04819277,38.95582329,249,0,0,0
384,384,110,24,104,6.8,0.12,0.22,26.3,124.34,1170.18,24.98,13.04,19.27907819,116.7324324,24.1638445,238,46.21848739,10.08403361,43.69747899,238,0,0,0
385,385,153,26,73,6.2,0.29,0.212,26.65,112.01,1497.15,22.52,11.5,18.18325169,149.7441028,24.62835037,252,60.71428571,10.31746032,28.96825397,252,1,0,0
386,386,145,28,82,6.8,0.24,0.221,34.92,220.95,991.91,26.67,13.53,24.93896255,124.6118471,21.02213209,255,56.8627451,10.98039216,32.15686275,255,1,0,0
387,387,160,14,56,6.5,0.55,0.297,34.12,250.43,953.57,26.37,27.59,20.01730914,115.199245,17.30844532,230,69.56521739,6.086956522,24.34782609,230,0,0,0
388,388,173,10,60,6.4,0.27,0.215,22.57,233.12,1298.39,20.8,16.01,24.75485098,84.64143632,23.82576704,243,71.19341564,4.115226337,24.69135802,243,0,0,0
389,389,130,18,106,6.5,0.36,0.222,30.26,143.8,1119.22,21.51,15.06,23.96362799,129.3449326,19.30607278,254,51.18110236,7.086614173,41.73228346,254,0,0,0
390,390,144,23,56,6.5,0.6,0.249,19.31,198.15,516.8,25.33,22.61,22.33195853,130.3900798,16.03768615,223,64.57399103,10.31390135,25.11210762,223,1,0,0
391,391,151,18,107,6.7,0.71,0.291,20.54,160.58,762.24,21.75,26.1,20.83398341,80.15293435,19.18572809,276,54.71014493,6.52173913,38.76811594,276,0,0,0
392,392,124,15,68,6.6,0.1,0.299,22.25,271.14,1058.02,28.32,20.89,21.79992115,64.02640797,19.92889503,207,59.90338164,7.246376812,32.85024155,207,1,0,0
393,393,129,30,88,6.2,0.31,0.236,19.5,106.23,533.07,27.44,18.01,24.67385131,139.2921004,19.56376468,247,52.22672065,12.14574899,35.62753036,247,0,0,0
394,394,166,22,84,6.6,0.83,0.296,25.24,213.23,422.49,28.86,19.01,24.32991649,76.14153904,18.31357543,272,61.02941176,8.088235294,30.88235294,272,1,0,0
395,395,110,26,110,6.1,0.49,0.283,17.4,266.12,606.28,26.87,10.89,23.22323766,73.36386477,20.10993761,246,44.71544715,10.56910569,44.71544715,246,0,0,0
396,396,122,13,97,6.6,0.42,0.265,27.27,271.43,1448.32,24.93,26.38,21.90539577,100.5978728,23.60506572,232,52.5862069,5.603448276,41.81034483,232,0,0,0
397,397,178,23,59,6.4,0.33,0.286,17.22,271.03,477.12,29.39,10.72,24.89487354,84.06354115,19.73136909,260,68.46153846,8.846153846,22.69230769,260,0,0,1
398,398,145,19,82,6.5,0.85,0.289,25.56,146.85,989.65,28.41,16.04,21.1893007,133.1914419,20.93409877,246,58.94308943,7.723577236,33.33333333,246,1,0,0
399,399,132,24,63,6,0.29,0.275,19.96,127.98,1061.27,23.48,29.95,20.24768314,104.2570723,18.78226261,219,60.2739726,10.95890411,28.76712329,219,1,0,0
400,400,136,30,89,6.6,0.9,0.202,33.67,223.04,1532.58,23.43,12.43,57.92887167,122.6539694,36.51268371,255,53.33333333,11.76470588,34.90196078,255,0,0,0
401,401,167,21,90,6.2,0.19,0.262,20.74,129.07,1159.76,21.09,25.58,62.73178224,163.7266551,36.89163721,278,60.07194245,7.553956835,32.37410072,278,1,0,0
402,402,165,17,102,6.4,0.78,0.208,29.62,193.41,984.36,26.02,20.57,59.38967583,103.3301803,29.23540524,284,58.09859155,5.985915493,35.91549296,284,1,0,0
403,403,159,19,61,6.3,0.45,0.205,31.86,169.69,267.64,29.76,16.73,43.35795962,142.3303677,27.33534897,239,66.52719665,7.949790795,25.52301255,239,0,0,0
404,404,157,19,105,6.1,0.3,0.25,27.98,122.54,1572.54,26.48,20.07,55.46985938,184.6226709,21.0643684,281,55.87188612,6.761565836,37.36654804,281,1,0,0
405,405,171,16,71,6.6,0.81,0.27,19.72,252.57,1015.42,21.49,15.03,42.35249879,149.299952,30.33276599,258,66.27906977,6.201550388,27.51937984,258,0,0,0
406,406,173,30,80,6.6,0.86,0.218,28.56,201.84,1495.87,20.65,26.7,45.03186173,147.0361442,31.80130272,283,61.13074205,10.60070671,28.26855124,283,1,0,0
407,407,173,24,107,6.7,0.51,0.278,27.36,181.24,1157.63,21.98,27.02,38.23184742,198.8298806,33.18184225,304,56.90789474,7.894736842,35.19736842,304,1,0,0
408,408,158,13,84,6.1,0.45,0.254,24.87,267.58,729.6,29.93,13.99,63.47742011,90.05422663,29.38538562,255,61.96078431,5.098039216,32.94117647,255,1,0,0
409,409,145,23,93,6.1,0.61,0.264,22.71,101.95,1383.16,25.16,10.31,67.38680755,127.7767134,30.27374995,261,55.55555556,8.812260536,35.63218391,261,1,0,0
410,410,146,28,56,6.4,0.79,0.221,22.39,116.13,677.57,21.35,11.33,68.75810535,108.6333046,35.45790488,230,63.47826087,12.17391304,24.34782609,230,1,0,0
411,411,131,28,81,6.4,0.11,0.201,26.87,254.4,272.03,25.62,12.87,40.03262418,176.6165894,33.80020039,240,54.58333333,11.66666667,33.75,240,0,0,0
412,412,194,76,260,6.2,1.24,0.0123,23.21,49.89,67.56,24.75,8.91,49.47225353,96.36222901,28.69180475,530,36.60377358,14.33962264,49.05660377,530,0,0,0
413,413,142,77,269,7,0.93,0.0123,18.2,126.21,62.11,25.1,8.69,56.67369054,122.0146733,31.24021696,488,29.09836066,15.77868852,55.12295082,488,0,0,0
414,414,102,32,67,5.8,1.56,113.2,0.18,3.81,184.11,37.86,11.32,57.23265151,120.7435664,28.98039357,201,50.74626866,15.92039801,33.33333333,201,0,0,0
415,415,73,34,194,6.2,1.89,89.2,0.29,4.1,117.21,23.34,13.45,34.13737127,96.51524028,27.32198928,301,24.25249169,11.29568106,64.45182724,301,0,0,0
416,416,174,79,300,7.7,1.65,0.0216,12.23,163.19,65.96,18.22,7.49,38.80023714,180.382234,21.47607807,553,31.46473779,14.28571429,54.24954792,553,0,0,0
417,417,147,96,346,6.3,0.85,0.0121,15.11,206.88,60.28,20.08,4.32,34.69776639,107.4721605,18.31910448,589,24.95755518,16.29881154,58.74363328,589,0,1,0
418,418,164,96,242,6.2,0.78,0.017,18.33,76.05,55.59,18.42,6.88,37.73992903,161.4812963,36.97794384,502,32.66932271,19.12350598,48.20717131,502,0,1,0
419,419,179,86,301,7.7,0.84,0.0205,13.76,248.54,59.01,26.88,8.39,40.1242747,121.5639121,24.80467592,566,31.6254417,15.19434629,53.18021201,566,0,0,0
420,420,160,73,359,7.3,1.39,0.0215,24.84,55.53,57.12,24.11,9.13,55.96805489,194.5921148,19.3479443,592,27.02702703,12.33108108,60.64189189,592,0,0,0
421,421,125,97,250,7.2,1.37,0.0131,14.72,218.37,69.14,21.56,6.49,50.12323801,179.2155874,28.88302142,472,26.48305085,20.55084746,52.96610169,472,0,1,0
422,422,137,95,326,6.3,1.51,0.0147,16.2,225.53,56.78,20.48,1.21,47.19188279,192.4372194,19.54314136,558,24.55197133,17.02508961,58.42293907,558,0,1,0
423,423,161,57,287,6,0.96,0.0215,13.27,153.97,62.53,22.03,8.28,50.54621094,114.2821387,24.7741949,505,31.88118812,11.28712871,56.83168317,505,0,0,0
424,424,165,72,310,6.8,1.17,0.0191,16.08,220.73,59.09,23.87,3.76,38.40975482,139.6483317,18.33124824,547,30.16453382,13.16270567,56.67276051,547,0,0,0
425,425,188,66,320,6,1.62,0.0168,13.2,90.14,57.12,24.69,4.65,45.3733757,132.7748215,19.14729038,574,32.75261324,11.49825784,55.74912892,574,0,0,0
426,426,198,67,247,7.7,0.71,0.0193,22.59,172.42,56.4,29.21,3,49.4421345,186.5008581,28.23416057,512,38.671875,13.0859375,48.2421875,512,0,0,0
427,427,121,52,362,5.8,1.46,0.0206,24.55,74.2,58.97,29.62,8.4,34.13307843,157.0858232,30.11812084,535,22.61682243,9.719626168,67.6635514,535,0,0,0
428,428,176,58,332,6.5,1.71,0.0216,20.22,225.59,57.02,19.03,4.48,35.42910045,139.6702541,33.4126864,566,31.09540636,10.24734982,58.65724382,566,0,0,0
429,429,129,73,252,7.2,1.57,0.0157,12.02,217.22,59.81,27.32,9.44,46.68746847,177.3377996,24.18553163,454,28.41409692,16.07929515,55.50660793,454,0,1,0
430,430,148,85,248,6.5,1.48,0.0211,17.63,177.08,57.2,18.67,5.33,41.69617915,94.46748008,26.88630675,481,30.76923077,17.67151767,51.55925156,481,0,1,0
431,431,193,78,332,6.3,1.57,0.0126,13.62,101.75,63.84,18.64,8.74,57.97429171,161.7820226,31.33170829,603,32.0066335,12.93532338,55.05804312,603,0,0,0
432,432,113,53,333,5.7,1.31,0.0226,10.62,102.41,65.7,27.37,8.99,67.07780816,108.5090168,33.30711818,499,22.64529058,10.62124248,66.73346693,499,0,0,0
433,433,116,90,247,7.5,1.78,0.0124,16.91,127.65,68.7,24.56,1.13,46.48714759,150.8712202,23.45379018,453,25.60706402,19.86754967,54.52538631,453,0,1,0
434,434,114,87,253,5.7,1.49,0.0164,19.77,154.15,65.04,19.62,3.13,39.04468913,168.5948318,34.53823889,454,25.11013216,19.16299559,55.72687225,454,0,1,0
435,435,130,60,254,5.8,1.5,0.0206,15.36,248.97,59.66,29.61,7.38,34.51086611,197.3752649,19.50112224,444,29.27927928,13.51351351,57.20720721,444,0,0,0
436,436,122,99,272,6.8,1.18,0.0196,20.97,97.65,60.21,23.04,3.64,37.57792132,91.72084869,28.76794904,493,24.7464503,20.0811359,55.17241379,493,0,1,0
437,437,137,94,270,7.4,0.65,0.0236,23.36,74.16,62.42,26.75,2.57,32.24914235,180.716828,30.97758716,501,27.34530938,18.76247505,53.89221557,501,0,1,0
438,438,141,53,277,6.7,0.93,0.0225,20.96,218.05,65.97,18.98,4.91,36.82639309,93.12330644,18.39759147,471,29.93630573,11.25265393,58.81104034,471,0,0,0
439,439,176,86,256,6.5,1.23,0.0191,14.66,191.75,61.7,29.62,4.11,30.98685456,116.9106908,35.09357419,518,33.97683398,16.6023166,49.42084942,518,0,1,0
440,440,183,54,261,6.1,1.62,0.0139,14.53,194.71,65.55,25.93,5.5,30.40046769,159.2649827,34.93174223,498,36.74698795,10.84337349,52.40963855,498,0,0,0
441,441,137,67,345,7,0.7,0.0186,23.45,212.75,68.63,27.84,1.85,35.72032498,187.8961851,29.50523036,549,24.95446266,12.20400729,62.84153005,549,0,0,0
442,442,181,72,337,7.2,0.73,0.0183,20.29,226.69,66.77,22.26,9.68,47.52980027,129.0064612,34.51934775,590,30.6779661,12.20338983,57.11864407,590,0,0,0
443,443,163,57,233,5.9,1.56,0.0125,13.2,52.5,61.4,19.75,2.9,52.10010827,147.0414824,28.43430726,453,35.98233996,12.58278146,51.43487859,453,0,0,0
444,444,179,54,308,6.6,0.99,0.0154,14.37,79.5,59.04,18.27,3.36,34.80541039,163.2747473,18.41645629,541,33.08687616,9.981515712,56.93160813,541,0,0,0
445,445,155,56,317,5.8,0.82,0.0236,13.51,157.85,57.33,23.7,4.07,47.19847683,91.31256412,31.07508973,528,29.35606061,10.60606061,60.03787879,528,0,0,0
446,446,135,87,242,7.3,1.65,0.0199,23.01,60.41,66.29,25.48,5.12,46.24856523,195.5697875,20.89342749,464,29.09482759,18.75,52.15517241,464,0,1,0
447,447,151,89,320,6.3,0.62,0.0236,22.83,86.6,57.77,18.28,2,52.79913039,170.9919828,30.90607799,560,26.96428571,15.89285714,57.14285714,560,0,0,0
448,448,194,66,326,6.9,1.09,0.019,19.44,156.28,61.62,20.29,8.94,66.45457122,145.3728801,27.9348279,586,33.10580205,11.26279863,55.63139932,586,0,0,0
449,449,188,89,273,5.8,0.82,0.0164,24.6,88.36,66.8,23.39,4.09,36.52780776,136.0456753,35.95176642,550,34.18181818,16.18181818,49.63636364,550,0,1,0
450,450,148,84,261,7.2,1.36,0.0215,22.92,109.97,67.24,25.68,3.16,56.92831399,173.1686574,19.54317155,493,30.02028398,17.03853955,52.94117647,493,0,1,0
451,451,156,79,352,5.8,1.09,0.0188,17.68,89.62,60.98,25.15,1.04,32.31528909,176.4134092,19.63736208,587,26.5758092,13.45826235,59.96592845,587,0,0,0
452,452,118,82,304,7.8,0.82,0.0194,10.56,158.91,65.56,21.09,9.53,56.46868874,129.2028653,31.2192752,504,23.41269841,16.26984127,60.31746032,504,0,1,0
453,453,173,82,320,6.9,1.54,0.0126,22.74,74.9,59.05,22.71,9.05,45.70976142,126.6738117,33.50876355,575,30.08695652,14.26086957,55.65217391,575,0,0,0
454,454,178,81,336,7.4,1.16,0.0218,10.46,156.47,63.01,19.98,5.35,45.01110015,188.4928637,24.80710166,595,29.91596639,13.61344538,56.47058824,595,0,0,0
455,455,116,70,268,7.2,1.31,0.0119,13.34,227.48,65.72,27.73,2.96,31.94550613,191.0658531,36.20970524,454,25.55066079,15.4185022,59.030837,454,0,0,0
456,456,157,98,296,7.7,1.5,0.0236,13.12,220.13,64.37,23.75,8.25,35.48885969,162.5927723,30.50420876,551,28.49364791,17.78584392,53.72050817,551,0,1,0
457,457,111,75,242,6,0.8,0.0136,13.88,170.66,60.68,28.88,7.11,49.94704718,160.3337447,26.01630259,428,25.93457944,17.52336449,56.54205607,428,0,1,0
458,458,162,58,349,6.1,1.22,0.0227,12.32,190.25,58,27.93,3.89,35.6395615,100.546816,31.48469278,569,28.47100176,10.19332162,61.33567663,569,0,0,0
459,459,163,82,320,6.4,1.13,0.0221,22.58,55.97,58.62,25.21,2.6,32.45974539,105.0380275,33.15122581,565,28.84955752,14.51327434,56.63716814,565,0,0,0
460,460,113,79,360,8,1.72,0.02,16.68,157.1,65.93,26.47,1.87,51.29019509,192.3023991,23.50222822,552,20.47101449,14.3115942,65.2173913,552,0,0,0
461,461,151,68,358,6.4,1.09,0.0178,14.68,209.55,60.36,23.88,1.46,38.83786012,148.2502786,34.87248659,577,26.16984402,11.78509532,62.04506066,577,0,0,0
462,462,144,53,289,6.3,1.63,0.0143,14.23,117.81,62,20.57,2.6,44.93322042,197.1144011,28.09269012,486,29.62962963,10.90534979,59.46502058,486,0,0,0
463,463,121,81,356,6.9,0.92,0.0234,16.36,182.52,55.68,22.41,3.41,57.3414485,118.3606557,24.54757829,558,21.68458781,14.51612903,63.79928315,558,0,0,0
464,464,113,57,234,6.4,1.64,0.0135,18.22,248.47,59.35,27.25,8.97,48.41490082,100.4673278,33.64769646,404,27.97029703,14.10891089,57.92079208,404,0,0,0
465,465,140,100,339,5.8,1.13,0.018,11.65,84.42,63.13,19.9,2.11,60.54880693,191.0895109,20.5591255,579,24.17962003,17.27115717,58.5492228,579,0,1,0
466,466,197,85,336,6.1,1.01,0.0143,17.45,131.51,60.88,23.52,4.99,59.33157782,195.787103,19.95991719,618,31.87702265,13.75404531,54.36893204,618,0,0,0
467,467,142,83,352,7.7,0.68,0.0179,13.18,149.81,66.01,26.53,7.1,62.4901206,182.2688175,28.87667593,577,24.61005199,14.3847487,61.00519931,577,0,0,0
468,468,165,97,293,6.2,1.3,0.0207,13.22,225.61,66.57,19.23,5.83,43.61444121,159.8938645,36.04353699,555,29.72972973,17.47747748,52.79279279,555,0,1,0
469,469,161,94,256,7.9,1.18,0.012,12.91,177.02,63.97,24.31,3,47.2879691,141.1250722,23.6734328,511,31.50684932,18.39530333,50.09784736,511,0,1,0
470,470,118,57,261,7.4,1.7,0.023,19.88,158.08,55.01,21.98,6.95,40.7192594,100.7791633,25.74679443,436,27.06422018,13.0733945,59.86238532,436,0,0,0
471,471,154,90,262,7.8,1.35,0.0193,12.89,126.95,61.14,23.08,5.49,66.68832981,175.9303271,31.08564994,506,30.43478261,17.78656126,51.77865613,506,0,1,0
472,472,123,91,289,6.2,1.31,0.0147,13.3,122.74,68.48,21.73,9.23,61.33186249,139.8710041,18.72987676,503,24.45328032,18.09145129,57.45526839,503,0,1,0
473,473,148,77,265,6.3,1.74,0.0206,18,98.1,60.79,21.41,4.2,63.46513414,189.5208915,29.50304807,490,30.20408163,15.71428571,54.08163265,490,0,0,0
474,474,146,77,368,7,1,0.0207,22.39,247.83,67.95,21.84,3,39.37252634,137.2279662,20.43517772,591,24.70389171,13.02876481,62.26734349,591,0,0,0
475,475,179,61,309,5.9,1.24,0.0142,15.23,122.88,69.81,28.33,9.37,56.01334416,134.8596466,36.00415838,549,32.60473588,11.11111111,56.28415301,549,0,0,0
476,476,183,82,363,5.9,1.77,0.023,17.01,170.58,66.86,24.53,2.11,35.39454002,174.5723999,31.46846241,628,29.14012739,13.05732484,57.80254777,628,0,0,0
477,477,152,81,315,6.8,1.13,0.024,22.66,206.6,61.76,25.88,9.47,56.03021253,101.6073988,36.30049702,548,27.73722628,14.7810219,57.48175182,548,0,0,0
478,478,116,69,349,6.6,0.78,0.0233,16.65,112.99,55.5,23.03,4.89,67.10604388,153.2504506,29.49096726,534,21.72284644,12.92134831,65.35580524,534,0,0,0
479,479,172,62,288,7.6,1.7,0.0236,18.86,199.8,64.94,26.76,3.22,34.75591197,177.5764304,30.5753044,522,32.95019157,11.87739464,55.17241379,522,0,0,0
480,480,149,96,316,7.7,1.38,0.0188,21.02,212.21,62.38,20.62,9.5,59.96669215,91.95792434,24.69487673,561,26.5597148,17.11229947,56.32798574,561,0,1,0
481,481,196,84,265,6.6,1.5,0.0137,11.37,130.83,65.16,23.08,4.05,36.67847052,162.5931264,23.17409556,545,35.96330275,15.41284404,48.62385321,545,0,0,0
482,482,118,97,369,7,1.03,0.0176,12.3,130.77,64.53,18.57,2.16,33.10695144,155.3705624,19.04380471,584,20.20547945,16.60958904,63.18493151,584,0,1,0
483,483,115,53,280,5.8,0.89,0.0176,24.57,105.46,58.04,27.47,7.94,45.93248374,165.4113371,29.32379604,448,25.66964286,11.83035714,62.5,448,0,0,0
484,484,177,81,323,5.9,0.78,0.019,18.34,56.25,60.94,25.16,3.82,54.32342534,180.9009998,34.6455408,581,30.46471601,13.94148021,55.59380379,581,0,0,0
485,485,116,97,240,7.5,1.04,0.0182,15.71,56.74,67.48,21.43,5.05,56.31006755,136.8274312,21.9989826,453,25.60706402,21.41280353,52.98013245,453,0,1,0
486,486,198,64,240,7.2,1.13,0.0136,23.03,191.08,66.6,23.87,1.63,60.24218572,159.689339,22.99774444,502,39.44223108,12.74900398,47.80876494,502,0,0,0
487,487,132,94,311,6.5,1.4,0.0198,11.71,62.55,55.62,19.66,7.88,35.29006485,178.8998611,30.55992394,537,24.58100559,17.50465549,57.91433892,537,0,1,0
488,488,169,76,338,7.7,1.16,0.0145,11.76,246.66,58.84,23.33,7.57,48.17631461,165.405354,31.46417866,583,28.98799314,13.03602058,57.97598628,583,0,0,0
489,489,191,80,255,6.8,1.49,0.0211,24.67,70.66,66.06,19.81,2.29,40.58227261,109.1821183,25.95058595,526,36.31178707,15.20912548,48.47908745,526,0,0,0
490,490,129,52,253,5.6,0.64,0.014,14.42,185.79,55.27,28.82,6.32,69.69141302,185.2039114,21.01142393,434,29.7235023,11.98156682,58.29493088,434,0,0,0
491,491,185,70,240,6.6,1.11,0.0235,13.65,137.19,55.45,29.57,3.2,47.70351758,149.063196,19.25100056,495,37.37373737,14.14141414,48.48484848,495,0,0,0
492,492,179,64,274,7.4,0.92,0.0116,14.93,190.83,63.32,28.39,1.02,50.54495302,180.6465282,19.24462755,517,34.62282398,12.37911025,52.99806576,517,0,0,0
493,493,117,71,365,5.7,1.7,0.0111,12.21,90.51,57.72,19.18,2.64,62.56532471,96.74706956,22.47253208,553,21.15732369,12.83905967,66.00361664,553,0,0,0
494,494,114,70,348,7.3,1.55,0.0157,19.71,76.43,61.82,19.41,3.45,58.25799145,124.6028153,36.75087487,532,21.42857143,13.15789474,65.41353383,532,0,0,0
495,495,112,80,245,7.4,0.98,0.0188,15.75,84.14,67.85,27.9,7.23,66.35375127,198.1403003,29.89286629,437,25.62929062,18.30663616,56.06407323,437,0,1,0
496,496,124,93,364,7.7,0.78,0.0124,13,158.93,57.67,29.51,1.47,44.82294584,172.40168,29.37735586,581,21.34251291,16.00688468,62.65060241,581,0,1,0
497,497,182,87,350,7.1,1.14,0.0135,23.24,200.22,68.01,27.58,4.11,42.89833235,186.9226052,29.65052947,619,29.40226171,14.0549273,56.54281099,619,0,0,0
498,498,167,54,305,6.5,1.71,0.0228,15.13,50.76,62.69,28.7,6.99,66.34777265,173.1106982,19.54284889,526,31.74904943,10.2661597,57.98479087,526,0,0,0
499,499,137,91,342,7.1,1.43,0.0145,12.95,78.84,59.28,20.59,9.21,48.93905624,122.4564203,20.04611791,570,24.03508772,15.96491228,60,570,0,0,0
500,500,138,68,300,7.7,1.3,0.0119,22.15,89.11,61.58,25.65,7.95,64.70930606,32.67891866,27.91095209,506,27.27272727,13.43873518,59.28853755,506,0,0,0
501,501,175,54,357,7.3,0.94,0.0216,11.02,95.47,67.17,25.32,4.91,51.27868781,36.5037914,27.32220619,586,29.86348123,9.215017065,60.92150171,586,0,0,0
502,502,192,50,322,7.4,0.99,0.0122,12.65,214.34,66.39,19.73,2.42,59.3189118,36.92629678,28.66024187,564,34.04255319,8.865248227,57.09219858,564,0,0,0
503,503,187,66,263,7.2,1.69,0.0183,12.69,200.34,61.05,20.96,5.15,61.09387478,72.98016599,29.02955344,516,36.24031008,12.79069767,50.96899225,516,0,0,0
504,504,196,62,355,6.1,1.67,0.0138,21.04,74.52,58.99,21.86,2.9,54.65030015,32.05025323,27.78031515,613,31.97389886,10.1141925,57.91190865,613,0,0,0
505,505,175,74,263,7.6,1.64,0.0187,12.14,209.05,63.51,24.58,5.76,54.1077461,71.6266696,31.99928579,512,34.1796875,14.453125,51.3671875,512,0,0,0
506,506,113,79,239,7.9,0.91,0.0176,13.61,218.11,66.87,18.73,6.04,55.27755933,73.44775287,27.33580911,431,26.21809745,18.32946636,55.45243619,431,0,1,0
507,507,136,52,338,7.7,1.73,0.0138,24.32,212.74,64.86,19.94,8.84,53.57014709,66.35634104,28.92952635,526,25.85551331,9.885931559,64.25855513,526,0,0,0
508,508,141,71,264,7.9,1.55,0.0176,21.06,243.99,67.77,21.57,6.82,58.59986279,36.94255012,27.65472156,476,29.62184874,14.91596639,55.46218487,476,0,0,0
509,509,129,65,320,6.9,0.78,0.0148,22.2,223.94,59.87,22.28,6.98,55.77264351,61.32935611,28.52396666,514,25.09727626,12.6459144,62.25680934,514,0,0,0
510,510,144,63,246,5.9,0.76,0.0154,14.83,76.73,61.55,28.61,1.93,45.89239456,53.56783314,31.02215872,453,31.78807947,13.90728477,54.30463576,453,0,0,0
511,511,148,97,365,5.8,1.7,0.0145,16.65,138.79,57.07,19.13,1.64,45.38497051,67.43488235,25.74095321,610,24.26229508,15.90163934,59.83606557,610,0,0,0
512,512,165,97,264,6.2,1.72,0.021,15.15,221.98,59.52,25.18,7.34,56.85420099,44.94317432,31.70447482,526,31.36882129,18.44106464,50.19011407,526,0,1,0
513,513,178,93,343,6.6,1.4,0.021,20.62,223.95,68.08,23.1,1.65,58.51663927,34.96933295,24.47876451,614,28.99022801,15.1465798,55.86319218,614,0,0,0
514,514,197,79,259,6.1,1.27,0.0135,23.41,50.07,68.98,24.25,8.89,51.79939437,74.44330654,31.46511256,535,36.82242991,14.76635514,48.41121495,535,0,0,0
515,515,141,76,263,7,0.92,0.0129,18.3,127.29,61.66,25.05,8.65,50.7330069,53.39249517,25.60973447,480,29.375,15.83333333,54.79166667,480,0,0,0
516,516,130,54,131,5.2,2.45,0.08975,16,42.1,91.46,46.83,22.69,47.18283631,68.04039813,30.30260453,315,41.26984127,17.14285714,41.58730159,315,0,1,0
517,517,141,33,161,4.9,1.07,0.08812,23,38.8,258.9,34.2,15.48,43.6672299,45.78172762,28.17489437,335,42.08955224,9.850746269,48.05970149,335,0,0,0
518,518,132,68,213,5.8,0.56,0.24,10.3,115.21,60.21,55.63,20.6,44.8302551,74.32635105,25.50634557,413,31.96125908,16.46489104,51.57384988,413,0,1,0
519,519,169,35,219,5.7,0.14,0.27,16.21,113.99,57.21,32.42,27.62,43.58788762,32.76742894,31.12896766,423,39.95271868,8.274231678,51.77304965,423,0,0,0
520,520,103,35,69,5.6,1.47,0.1157,19,38.5,184.24,37.92,11.01,55.59160391,35.1051197,26.34043268,207,49.75845411,16.90821256,33.33333333,207,0,1,0
521,521,72,32,196,6,1.92,0.08974,29,40.4,116.88,23.33,13.25,61.5620517,72.66666443,28.23494706,300,24,10.66666667,65.33333333,300,0,0,0
522,522,177,42,171,5.7,2.23,0.10878,17,39.7,254.08,41.96,16.1,49.32609633,48.25207759,27.04453473,390,45.38461538,10.76923077,43.84615385,390,0,0,0
523,523,83,31,173,6,2.32,0.10183,14,41.6,147.19,42.6,17.61,55.25435777,40.89732789,25.16125354,287,28.91986063,10.80139373,60.27874564,287,0,0,0
524,524,165,57,53,5.1,1.61,0.11069,16,41.5,175.07,48.55,19.36,51.66921088,32.55919573,27.3179125,275,60,20.72727273,19.27272727,275,1,1,1
525,525,110,16,124,4.9,1.72,0.10427,18,40.8,275.18,38.98,23.54,49.66474269,31.87416982,25.4123765,250,44,6.4,49.6,250,0,0,0
526,526,118,46,191,5.8,1.97,0.1037,27,40.2,68.3,31.18,14.86,46.01868196,53.1205277,31.21629982,355,33.23943662,12.95774648,53.8028169,355,0,0,0
527,527,34,50,102,5.7,1.44,0.10416,14,39.2,163.83,45.25,18.18,58.22686794,62.74803826,30.573999,186,18.27956989,26.88172043,54.83870968,186,0,0,0
528,528,88,25,207,5.1,1.63,0.0973,13,38.7,143.61,23.89,22.18,53.2208266,46.19374559,25.42517036,320,27.5,7.8125,64.6875,320,0,0,0
529,529,86,37,181,5,1.92,0.09329,20,38.9,262.73,21.27,22.84,43.65305437,41.53749535,27.09400578,304,28.28947368,12.17105263,59.53947368,304,0,0,0
530,530,54,77,172,5.2,2.23,0.08453,27,41.8,202.26,36.66,10.49,56.32938343,58.99536268,24.30935081,303,17.82178218,25.41254125,56.76567657,303,0,0,0
531,531,156,69,231,5.3,2,0.11483,26,38.5,146.77,37.78,24.67,45.90067655,41.0550915,30.06142622,456,34.21052632,15.13157895,50.65789474,456,0,0,0
532,532,136,52,224,5.1,1.85,0.08001,25,38.5,288.92,29.84,22.19,60.9835384,33.84110759,28.09568993,412,33.00970874,12.62135922,54.36893204,412,0,0,0
533,533,53,56,87,5.2,1.57,0.1193,16,38.3,169.84,42.55,22.34,40.00933429,55.50429227,26.33908791,196,27.04081633,28.57142857,44.3877551,196,0,0,0
534,534,114,61,243,5.5,1.41,0.105,15,38.2,80.75,25.98,13.45,57.14218792,57.02891698,28.61409059,418,27.27272727,14.59330144,58.13397129,418,0,0,0
535,535,53,78,69,5.6,1.58,0.09847,15,39.1,79.58,45.61,10.24,44.359648,44.11622138,28.70012137,200,26.5,39,34.5,200,0,0,0
536,536,41,36,58,4.7,2.45,0.08768,23,41.5,160.62,33.71,22.71,59.79236306,42.24783476,24.21610338,135,30.37037037,26.66666667,42.96296296,135,0,0,0
537,537,90,80,87,4.7,1.59,0.09638,14,41.3,154.28,48.37,13.77,45.20094476,66.1761456,28.50677929,257,35.01945525,31.12840467,33.85214008,257,0,0,0
538,538,57,43,175,4.9,1.86,0.10867,17,39.9,158.33,33.99,19.66,64.95585424,72.19245835,25.97948991,275,20.72727273,15.63636364,63.63636364,275,0,0,0
539,539,83,75,163,5.1,1.93,0.08625,10,39.2,52.56,34.32,20.3,41.36561835,55.053805,30.88482722,321,25.85669782,23.36448598,50.7788162,321,0,1,0
540,540,100,22,155,4.9,1.43,0.10545,13,41.2,102.42,34.35,11.03,61.66852372,65.07981523,25.5042419,277,36.10108303,7.942238267,55.9566787,277,0,0,0
541,541,87,59,128,5.9,1.59,0.09812,23,39.5,169.13,30.78,12.32,51.33189406,38.48678973,25.12528913,274,31.75182482,21.53284672,46.71532847,274,0,1,0
542,542,67,80,136,5.3,1.45,0.11092,21,38.9,234.56,30.11,15.83,63.56791363,62.20279647,27.10508014,283,23.67491166,28.26855124,48.0565371,283,0,0,0
543,543,156,27,189,4.6,1.83,0.08271,17,40.1,233.28,34.51,22.62,44.82069159,70.79934452,31.1006247,372,41.93548387,7.258064516,50.80645161,372,0,0,0
544,544,167,22,94,5,2.46,0.08211,10,41.2,119.12,30.45,20.02,56.40226277,64.16167699,26.45707778,283,59.01060071,7.77385159,33.2155477,283,1,0,0
545,545,79,19,131,5.4,2.44,0.08059,25,41.8,67.52,38.84,20.35,63.56222995,31.83192392,30.04132304,229,34.49781659,8.296943231,57.20524017,229,0,0,0
546,546,87,17,198,5.2,1.92,0.08745,29,38.8,85.32,33.52,14.27,54.82130787,50.28438729,27.77799528,302,28.80794702,5.629139073,65.56291391,302,0,0,0
547,547,135,65,150,5.3,1.81,0.08478,22,40.9,248.58,33.26,12.74,43.02151392,58.27600682,30.99256944,350,38.57142857,18.57142857,42.85714286,350,0,1,0
548,548,171,18,158,5.7,1.82,0.09202,22,38.2,97.09,32.59,22.78,47.36534833,36.99362831,26.4908332,347,49.2795389,5.187319885,45.53314121,347,0,0,0
549,549,116,25,122,5.7,1.79,0.11754,20,40.5,88.69,42.54,11.46,57.17377029,64.25520357,31.96987867,263,44.10646388,9.505703422,46.3878327,263,0,0,0
550,550,165,46,91,5.1,2.43,0.10672,25,40.4,206.23,36.52,20.77,46.82652785,55.60523179,25.36140526,302,54.63576159,15.23178808,30.13245033,302,0,0,0
551,551,168,33,167,5.8,2.35,0.08531,13,40.3,286.86,42.73,12.79,56.96640758,48.46797044,25.54249137,368,45.65217391,8.967391304,45.38043478,368,0,0,0
552,552,156,69,69,5,1.81,0.0823,23,39.9,225.83,48.66,11.87,62.85948245,70.4713043,28.99319096,294,53.06122449,23.46938776,23.46938776,294,0,1,1
553,553,97,21,57,5.4,1.64,0.09269,24,40,232.68,31.08,21.46,60.50320928,34.03335472,29.34317422,175,55.42857143,12,32.57142857,175,1,0,0
554,554,143,79,137,4.8,1.84,0.10582,18,40.4,76.23,43.72,18.23,61.39451307,68.54877876,28.63618921,359,39.83286908,22.00557103,38.16155989,359,0,1,0
555,555,51,45,127,5.1,1.79,0.08977,24,41.8,56.22,28.17,11.12,44.17085032,52.0810886,24.83206631,223,22.86995516,20.1793722,56.95067265,223,0,1,0
556,556,116,28,106,5.2,2.04,0.11435,25,41.4,293.13,27.74,10.91,58.55363573,57.04826619,25.44689075,250,46.4,11.2,42.4,250,0,0,0
557,557,95,20,143,5.3,1.8,0.09994,22,39.9,278.37,29.26,12,62.40392519,63.77192383,31.01274943,258,36.82170543,7.751937984,55.42635659,258,0,0,0
558,558,115,42,171,5,1.94,0.09436,26,39.1,276.27,34.35,20.15,52.3003173,60.74583498,27.06179658,328,35.06097561,12.80487805,52.13414634,328,0,0,0
559,559,108,77,118,4.7,2.33,0.10647,23,40,266.48,49.23,13.99,42.26206161,71.1271039,27.0956288,303,35.64356436,25.41254125,38.94389439,303,0,0,0
560,560,87,32,197,5.3,1.55,0.08509,18,41.7,257.84,24.53,12.28,57.30636014,64.53027638,28.56800579,316,27.53164557,10.12658228,62.34177215,316,0,0,0
561,561,78,26,185,4.8,2.16,0.11479,10,41.2,241.87,21.28,16.25,49.84213387,40.85534718,28.79929247,289,26.98961938,8.996539792,64.01384083,289,0,0,0
562,562,37,76,110,5.5,1.83,0.08761,30,38.3,145.36,45.7,23.22,45.41393636,69.66289997,27.94293692,223,16.59192825,34.08071749,49.32735426,223,0,0,0
563,563,115,18,132,6,2.4,0.0848,10,39.1,119.48,29.88,16.16,61.58245338,61.86633917,30.47757686,265,43.39622642,6.79245283,49.81132075,265,0,0,0
564,564,149,37,247,4.6,2.41,0.11576,21,39.7,82.56,46.92,21.26,50.77148138,64.58559639,30.58139475,433,34.41108545,8.545034642,57.04387991,433,0,0,0
565,565,68,69,175,5,2.28,0.10744,19,41.2,238.49,45.59,12.14,41.81420849,44.13827124,26.85911286,312,21.79487179,22.11538462,56.08974359,312,0,1,0
566,566,178,57,230,5.5,1.87,0.09151,14,38.9,182.5,46.77,20.6,61.18749126,35.73403813,26.31051759,465,38.27956989,12.25806452,49.46236559,465,0,0,0
567,567,171,53,90,5.7,2.06,0.10464,17,38.6,227.4,43.41,22.2,44.2252605,33.95825723,28.77833449,314,54.45859873,16.87898089,28.66242038,314,0,1,0
568,568,62,52,133,5,2.48,0.10269,27,40.6,125.68,45.02,21.56,43.35365671,71.90018566,28.90245417,247,25.10121457,21.05263158,53.84615385,247,0,1,0
569,569,40,34,149,5.1,1.79,0.11971,11,38.5,243.03,47.61,21.97,57.69622912,38.34303462,29.37687468,223,17.93721973,15.24663677,66.8161435,223,0,0,0
570,570,135,59,206,4.8,1.48,0.10182,27,41.6,73.6,43.84,13.42,58.25204566,59.18953429,24.17093241,400,33.75,14.75,51.5,400,0,0,0
571,571,157,38,245,4.8,2.4,0.11892,12,39.7,145.39,34.22,10.37,59.79023382,36.91852635,26.65333029,440,35.68181818,8.636363636,55.68181818,440,0,0,0
572,572,88,59,250,5.8,1.91,0.11188,29,38.4,163.34,42.88,18.93,53.50567601,52.13580529,28.19912143,397,22.16624685,14.86146096,62.97229219,397,0,0,0
573,573,151,57,106,5.6,1.85,0.10733,13,40.2,248.2,25.99,16.95,52.62741529,55.21606732,28.76488954,314,48.08917197,18.15286624,33.75796178,314,0,1,0
574,574,34,35,157,5.6,1.8,0.09826,20,41.4,176.33,36.61,10.81,61.25353851,40.82840673,29.3499706,226,15.04424779,15.48672566,69.46902655,226,0,0,0
575,575,173,28,239,5.8,1.45,0.11664,28,41.2,125.05,49.7,19.36,52.60950014,36.01203025,28.00937423,440,39.31818182,6.363636364,54.31818182,440,0,0,0
576,576,172,34,170,4.9,1.54,0.11246,27,42,219.32,40.88,17.46,48.8246387,34.7426459,26.85851927,376,45.74468085,9.042553191,45.21276596,376,0,0,0
577,577,171,35,196,5.7,2,0.10196,14,38.7,139.18,46.7,16.29,40.92604945,53.78769958,31.2123945,402,42.53731343,8.706467662,48.75621891,402,0,0,0
578,578,131,38,121,5.4,2.47,0.106,16,40.4,117.18,39.27,12.85,61.43378674,46.0203959,24.20422636,290,45.17241379,13.10344828,41.72413793,290,0,0,0
579,579,113,71,205,5.9,2.11,0.08845,23,39.6,58.08,41.35,11.98,49.60384796,52.92929636,29.98835437,389,29.04884319,18.25192802,52.69922879,389,0,1,0
580,580,85,75,236,5.5,2.3,0.09317,22,39.1,163.61,36.78,22.72,54.61813464,45.43669946,29.93964907,396,21.46464646,18.93939394,59.5959596,396,0,1,0
581,581,75,58,134,4.7,1.61,0.09968,21,39.2,62.14,46.98,23.78,41.55934359,68.80141783,31.2119298,267,28.08988764,21.72284644,50.18726592,267,0,1,0
582,582,52,38,57,5.1,1.96,0.09078,19,38.7,199.95,41.09,16.68,48.23991436,43.87801983,26.80474415,147,35.37414966,25.85034014,38.7755102,147,0,0,0
583,583,140,62,86,4.6,1.69,0.09467,23,41.4,234.18,34.52,13.19,62.84916863,64.56807592,31.49398069,288,48.61111111,21.52777778,29.86111111,288,0,1,0
584,584,171,21,250,4.9,2.09,0.08734,22,41.5,62.28,32.98,12.31,46.42693735,38.31597852,30.99694676,442,38.68778281,4.751131222,56.56108597,442,0,0,0
585,585,140,40,176,4.7,1.43,0.11437,12,39.8,240.96,26.83,19.25,63.04749127,50.1978269,29.61253065,356,39.3258427,11.23595506,49.43820225,356,0,0,0
586,586,85,24,209,5.4,1.84,0.109,20,41.1,288.09,29.99,23.58,57.03184356,44.86052932,29.97604322,318,26.72955975,7.547169811,65.72327044,318,0,0,0
587,587,130,42,157,5.7,1.96,0.09443,11,38.4,263.88,26.95,13.98,52.62696801,55.51932414,30.88883074,329,39.51367781,12.76595745,47.72036474,329,0,0,0
588,588,164,60,145,5.4,1.95,0.11762,13,41,88.58,37.67,13.35,60.16299493,35.37493212,30.39321309,369,44.44444444,16.2601626,39.29539295,369,0,1,0
589,589,150,15,229,4.6,1.64,0.09545,28,40.1,144.75,35.61,24.12,55.20522037,30.92014047,30.43683729,394,38.07106599,3.807106599,58.12182741,394,0,0,0
590,590,128,15,239,4.8,2.12,0.10932,30,38.6,235.91,48.79,20.73,63.18180319,32.71129281,25.32688786,382,33.5078534,3.926701571,62.56544503,382,0,0,0
591,591,34,65,152,5.7,2.47,0.10856,18,38.2,92.62,44.75,15.64,59.96664731,33.48919022,30.53684308,251,13.54581673,25.89641434,60.55776892,251,0,0,0
592,592,108,33,92,5.5,1.96,0.08523,30,38.8,190.43,43.53,15.09,40.5926071,47.95406479,30.38257873,233,46.35193133,14.16309013,39.48497854,233,0,0,0
593,593,76,38,197,5,1.7,0.09775,24,41.6,135.63,20.49,10.16,53.76623369,35.03404425,24.01825377,311,24.43729904,12.21864952,63.34405145,311,0,0,0
594,594,167,67,231,5.1,2.1,0.08822,17,41.2,144.61,41.3,14.69,61.14754363,65.67591794,28.69841277,465,35.91397849,14.40860215,49.67741935,465,0,0,0
595,595,179,38,71,5.6,2.15,0.11879,19,40.7,204.53,23.33,13.65,49.00323081,42.44054315,29.33743412,288,62.15277778,13.19444444,24.65277778,288,1,0,0
596,596,155,70,163,5.5,1.55,0.11556,17,41,265.76,21.67,18.43,61.34900107,70.10472076,27.96583691,388,39.94845361,18.04123711,42.01030928,388,0,1,0
597,597,66,41,167,5.3,2.03,0.09979,26,40.4,252.9,26.52,21.86,48.27531965,63.9187654,24.86803974,274,24.08759124,14.96350365,60.94890511,274,0,0,0
598,598,55,40,114,5.5,1.46,0.0912,29,41.4,61.39,28.59,24.65,45.96341933,38.53254678,25.87682261,209,26.31578947,19.13875598,54.54545455,209,0,1,0
599,599,96,59,171,5.6,2.01,0.10492,11,39.5,153.04,45.67,21.14,49.9767522,32.81296548,31.01963639,326,29.44785276,18.09815951,52.45398773,326,0,1,0
600,600,144,71,138,4.8,1.52,0.09011,16,41.3,165.57,31.69,18.4,87.80507732,54.73367631,27.43329405,353,40.79320113,20.11331445,39.09348442,353,0,1,0
601,601,33,17,150,5.1,1.78,0.08364,29,41.3,107.18,21.64,19.77,80.77275974,38.7976407,28.3340432,200,16.5,8.5,75,200,0,0,0
602,602,39,19,207,4.7,1.83,0.09684,30,39.3,130.96,31.6,22.6,84.34262707,55.296354,27.01470397,265,14.71698113,7.169811321,78.11320755,265,0,0,0
603,603,114,49,164,4.9,2.14,0.1109,13,40.4,215.88,21.66,10.47,81.04554836,36.35720652,28.17432665,327,34.86238532,14.98470948,50.1529052,327,0,0,0
604,604,81,19,58,5.2,1.96,0.117,27,41.5,56.85,29.2,20.13,87.32761241,44.75215854,29.87888063,158,51.26582278,12.02531646,36.70886076,158,0,0,0
605,605,30,27,133,5.8,2.07,0.11772,15,41.1,215.94,30.34,16.63,89.71503316,42.99498978,29.89232778,190,15.78947368,14.21052632,70,190,0,0,0
606,606,154,28,205,4.8,1.48,0.08026,13,41.2,109.71,46.1,20.16,83.24855855,56.48265193,28.56212158,387,39.79328165,7.235142119,52.97157623,387,0,0,0
607,607,155,19,113,5.8,2.39,0.08181,22,39,198.72,37.84,13.1,85.5701901,53.01899249,27.53592929,287,54.00696864,6.620209059,39.3728223,287,0,0,0
608,608,171,57,129,5.6,2.48,0.08908,25,40.2,155.97,25.73,14.77,87.93598094,41.82490236,29.68361658,357,47.89915966,15.96638655,36.13445378,357,0,0,0
609,609,109,66,195,5.8,1.66,0.10815,27,38.4,254.17,31.97,19.6,82.1193047,46.75690086,28.14448546,370,29.45945946,17.83783784,52.7027027,370,0,1,0
610,610,151,68,145,5.6,2.08,0.09067,24,41,223.61,43.53,13.72,86.73346018,59.87232071,29.53037621,364,41.48351648,18.68131868,39.83516484,364,0,1,0
611,611,87,74,136,5.4,1.55,0.0896,29,40.2,219.1,34.91,19.73,86.45147631,44.64407105,27.88352946,297,29.29292929,24.91582492,45.79124579,297,0,0,0
612,612,139,27,197,5.5,2.07,0.1138,20,38,92.85,23.12,10.85,82.35916228,44.01206619,28.22471276,363,38.29201102,7.438016529,54.26997245,363,0,0,0
613,613,80,67,116,5.6,2.21,0.08029,15,40.4,75.09,47.71,14.86,84.96089355,45.91011391,29.008124,263,30.41825095,25.47528517,44.10646388,263,0,0,0
614,614,102,17,58,5.6,1.78,0.11267,16,38.2,109.1,22.44,22.9,86.45193297,37.54602719,29.75538903,177,57.62711864,9.604519774,32.76836158,177,1,0,0
615,615,41,23,135,5,1.67,0.10655,26,39.2,206.89,31.09,20.64,85.16906976,40.77872823,29.78416743,199,20.60301508,11.55778894,67.83919598,199,0,0,0
616,616,49,45,90,5.8,1.98,0.09229,19,40.2,91.12,32.68,14.91,80.4513142,42.83053902,27.8640132,184,26.63043478,24.45652174,48.91304348,184,0,0,0
617,617,131,24,121,4.9,2.24,0.08775,22,40,94.34,24.93,23.74,84.96771717,51.52617423,27.11026483,276,47.46376812,8.695652174,43.84057971,276,0,0,0
618,618,131,55,130,5.3,2.48,0.08983,15,41,92.58,45.73,21.48,83.64274107,49.11964582,27.11030369,316,41.4556962,17.40506329,41.13924051,316,0,1,0
619,619,129,34,160,4.8,1.08,0.08869,25,39,259.93,33.49,14.16,89.07866095,57.65901369,28.95451232,323,39.9380805,10.52631579,49.53560372,323,0,0,0
620,620,170,30,45,,,,,,,,,,,,,,,,,,,
621,621,171,29,46,,,,,,,,,,,,,,,,,,,
622,622,172,28,47,,,,,,,,,,,,,,,,,,,
623,623,173,27,48,,,,,,,,,,,,,,,,,,,
624,624,174,26,49,,,,,,,,,,,,,,,,,,,
625,625,175,25,50,,,,,,,,,,,,,,,,,,,
626,626,176,24,51,,,,,,,,,,,,,,,,,,,
627,627,177,23,52,,,,,,,,,,,,,,,,,,,
628,628,178,22,53,,,,,,,,,,,,,,,,,,,
629,629,179,21,54,,,,,,,,,,,,,,,,,,,
630,630,180,20,55,,,,,,,,,,,,,,,,,,,
631,631,181,19,56,,,,,,,,,,,,,,,,,,,
632,632,182,18,57,,,,,,,,,,,,,,,,,,,
633,633,183,17,58,,,,,,,,,,,,,,,,,,,
634,634,184,16,59,,,,,,,,,,,,,,,,,,,
635,635,185,15,60,,,,,,,,,,,,,,,,,,,
636,636,186,30,61,,,,,,,,,,,,,,,,,,,
637,637,187,31,62,,,,,,,,,,,,,,,,,,,
638,638,188,32,63,,,,,,,,,,,,,,,,,,,
639,639,189,33,64,,,,,,,,,,,,,,,,,,,
640,640,190,34,65,,,,,,,,,,,,,,,,,,,
641,641,191,35,66,,,,,,,,,,,,,,,,,,,
642,642,192,36,67,,,,,,,,,,,,,,,,,,,
643,643,193,37,68,,,,,,,,,,,,,,,,,,,
644,644,194,38,69,,,,,,,,,,,,,,,,,,,
645,645,195,39,70,,,,,,,,,,,,,,,,,,,
646,646,196,40,71,,,,,,,,,,,,,,,,,,,
647,647,197,41,72,,,,,,,,,,,,,,,,,,,
648,648,198,42,73,,,,,,,,,,,,,,,,,,,
649,649,199,43,74,,,,,,,,,,,,,,,,,,,
650,650,200,44,75,,,,,,,,,,,,,,,,,,,
