,humidity,rainfall,temperature
0,82.00274423,202.9355362,20.87974371
1,80.31964408,226.6555374,21.77046169
2,82.3207629,263.9642476,23.00445915
3,80.15836264,242.8640342,26.49109635
4,81.60487287,262.7173405,20.13017482
5,83.37011772,251.0549998,23.05804872
6,82.63941394,271.3248604,22.70883798
7,82.89408619,241.9741949,20.27774362
8,83.53521629999999,230.4462359,24.51588066
9,83.03322691,221.2091958,23.22397386
10,81.41753846,264.6148697,26.52723513
11,81.45061596,250.0832336,23.97898217
12,80.88684822,284.4364567,26.80079604
13,82.05687182,185.2773389,24.01497622
14,80.66385045,209.5869708,25.66585205
15,80.30025587,231.0863347,24.28209415
16,82.7883708,276.65524589999995,21.58711777
17,80.41817957,206.2611855,23.79391957
18,80.1923008,224.55501690000003,21.8652524
19,83.58760316,291.2986618000001,23.57943626
20,80.47476396,185.4974732,21.32504158
21,83.11713476,231.3843163,25.15745531
22,80.97384195,213.3560921,21.94766735
23,82.67839517,233.1075816,21.0525355
24,81.33265073,224.0581164,23.48381344
25,80.52389148,257.0038865,25.0756354
26,84.04403589,271.35861370000003,26.35927159
27,80.54498576,260.2634026,24.52922681
28,84.49774397,240.0810647,20.77576147
29,80.64416466,197.9791215,22.30157427
30,84.94375962,272.2017204,21.44653958
31,80.33127223,200.0882787,22.17931888
32,82.73685569,224.67572310000003,24.52783742
33,81.63895217,270.4417274,20.26707606
34,83.88266234,233.1321372,25.7354293
35,82.1480873,193.3473987,26.79533926
36,81.17734011,272.29990560000005,26.75754171
37,83.15250801,285.2493645,23.86330467
38,82.95221726,298.40184710000005,21.01944696
39,83.7287574,257.0343554,24.17298839
40,82.06719137,248.7183228,22.78133816
41,83.52842314,209.9001977,25.62980105
42,80.14509262,200.834898,25.59704938
43,84.81360127,298.5601175,23.83067496
44,82.36698992,265.5355937,26.31355498
45,80.52586088,183.6793207,24.8972823
46,84.47963372,196.95600080000003,24.958779
47,84.59201843,233.0453455,23.24113501
48,80.70960551,210.8142087,21.66628296
49,80.41363018,253.7202781,24.63544858
50,83.06310136,219.9048349,23.43121862
51,80.3477562,208.5810155,20.0454142
52,82.22572988,195.0948311,23.85724032
53,81.89918197,227.3637009,21.97199397
54,83.83625819,286.5083725,26.22916897
55,84.79352417,283.9338466,23.44676801
56,83.47021081,217.3788583,25.65553461
57,82.45432595,267.97619480000003,24.44345477
58,82.1235421,191.9535738,20.2801937
59,80.2389895,277.9626192,21.7238313
60,82.20802629,245.1511304,20.41447029
61,83.51827127,245.6626799,25.75528612
62,83.77345559,279.5451717,20.61521424
63,80.72886384,202.3838319,21.84106875
64,83.29114712,263.6372176,20.08369642
65,82.74835604,182.5616319,24.45802087
66,80.33502926,198.6730942,21.14347496
67,82.11124033,243.5120414,25.78720567
68,80.28597873,263.1103304,23.64124821
69,80.56887849,269.5039162,23.43191632
70,83.891805,204.8001847,24.97669518
71,82.17068809999998,260.8875056,22.72791041
72,82.84022551,295.6094492000001,24.87300744
73,83.00320459,192.3197536,21.32376327
74,84.56919326,257.4914906,26.29465461
75,81.85872947,278.0791793,22.2286982
76,81.78596776,280.4044392,26.73072391
77,81.97927117,185.9461429,24.88921174
78,81.46033732,194.5766559,26.88444878
79,83.72874389,200.9133156,22.67846116
80,80.37979919,182.9043504,26.08867875
81,82.94682591,195.3574542,25.42977518
82,81.05635517,223.3671883,26.40323239
83,84.96907151,186.7536773,26.04371967
84,80.54372813,220.1156708,25.2827223
85,83.47038318,231.7364957,22.08576562
86,81.43321641,242.3170629,23.28617173
87,81.40633547,182.6549356,25.48591986
88,81.03569343,233.7034975,23.67575393
89,84.1341879,230.22422230000004,20.82477109
90,81.91411159,290.67937830000005,26.92995077
91,83.88387074,241.20135130000003,23.83509503
92,80.12267476,218.9163567,26.52872817
93,83.85642678,248.2256491,26.46428311
94,82.81088865,256.9964761,22.69657794
95,83.46358271,194.2651719,22.68319059
96,82.14004101,295.9248796,21.53346343
97,83.32931909999998,287.5766935000001,21.40865769
98,84.67353597,183.6222657,26.54348085
99,83.59512273,188.413665,23.35905428
100,63.69070564,87.75953857,22.61359953
101,71.57476937,102.2662445,26.10018422
102,71.59351368,66.71995467,23.55882094
103,57.68272924,60.65171481,19.97215954
104,62.69503871,65.43835393,18.47891261
105,57.80840636,102.0861694,21.77689322
106,66.50415474,105.4654703,25.6217169
107,66.69029010000001,78.06639649,25.19192419
108,62.55424820000001,65.27798457,20.41683147
109,66.78627406,109.2162279,24.92162194
110,73.4541537,94.29712821,23.31689124
111,68.3584573,74.05474936,24.84016732
112,58.84015925,63.87020584,22.27526694
113,65.76816093,94.76189431,18.87751445
114,60.200168700000006,72.12375573,25.19008683
115,55.28220433,63.72358154,18.25405352
116,70.4162444,104.1626147,24.612911800000006
117,65.26185135,76.68456006,25.1420613
118,60.11593810000001,65.49730729,23.09348056
119,62.89366992,84.23613484,18.05033737
120,73.80435276,79.74078719,24.9321581
121,71.09445342,88.07753741,18.14710054
122,66.65952796,80.97573281,18.28362235
123,58.75082029,79.75328959999999,18.83344471
124,67.22190688,74.51490791,25.71895816
125,68.49835977,96.46380213,25.33797709
126,57.48775781,102.8301942,23.89114571
127,71.50905983,102.4852929,21.53574127
128,63.10459626,70.43473609,23.08974909
129,63.4711755,108.8303762,25.61707368
130,63.1621551,65.88951188,21.44526922
131,55.53128131,90.988051,18.51816776
132,67.99257471,64.40866039,22.53510514
133,61.89472002,63.03843397,23.02038334
134,65.61418761,87.9298085,24.89364635
135,74.089114,107.4931917,25.77175115
136,62.35750641,60.95197486,19.39851734
137,59.64024162,109.7515385,21.54156232
138,74.82913698,91.76337172,23.79746068
139,74.52600826,94.26249353,18.9802729
140,73.13112261,71.07562236,24.10859207
141,70.04556743,76.72860067,24.7947077
142,60.27766379,69.21803098,21.63162756
143,57.21025565,101.7004306,25.37548751
144,72.85462807,106.6213157,22.21738222
145,69.00128641,66.29390357,20.58314011
146,68.74248334,91.26056654,24.87502824
147,56.35606753,109.024141,20.03728219
148,61.89082199,99.57981207,25.95263264
149,65.47050802,71.3195307,19.28889933
150,65.34583901,78.34604471,20.57981887
151,56.73426469,88.45361858,24.71417533
152,63.91281869,62.50351892,20.27317074
153,64.23580251,76.41312437,18.41932981
154,61.74427165,107.3198135,23.39128187
155,61.24500053,100.7689246,19.84939404
156,61.91044947,107.2681929,21.869274
157,56.50768935,101.5952794,22.8056033
158,69.02298571,80.72515943,19.0781471
159,65.35549924,83.73280082,22.02720976
160,59.24537979,89.96220140000001,23.80546189
161,69.0276233,88.10234397,18.52510753
162,61.32026065,64.77791424,23.50297882
163,72.89187265,73.33636055,26.54986394
164,69.63481219,83.21030571,19.29563411
165,59.4375337,103.651438,20.68899915
166,68.03449300000001,84.22969177,19.32666088
167,73.58868502,96.59195302,24.60532218
168,59.52193158,67.96704792,22.27373646
169,61.33450447,83.20711308,25.70196694
170,68.30578978,87.85092352,19.20129357
171,60.47470519,95.71388473,21.70181447
172,59.21235483,67.61013737,20.51716779
173,73.62548442,97.59081274,23.30355338
174,55.64709899,64.23845455,24.2547451
175,65.7420046,75.82270467,24.86374934
176,65.77472881,88.17251033,22.6265115
177,60.61494304,104.2321615,18.04185513
178,72.33125523,67.10225139,23.26237612
179,71.59722446,67.72777298,22.88330922
180,69.36385721,103.2234212,25.97482359
181,66.20569924,107.2361366,26.14384005
182,61.55327249,75.03247667,18.66116213
183,55.97732754,78.16077693,25.10787449
184,59.24580604,105.0083144,23.33844615
185,65.92195844,62.49190812,25.08239719
186,72.52054555,107.9124111,25.36768364
187,63.31801994,74.52082026,25.34217103
188,67.816568,62.91359494,25.00933355
189,71.516474,69.93293255,18.66746724
190,63.73849998,108.5054416,20.37999665
191,72.61024172,78.96159541,18.09300227
192,71.96246617,79.84925393,26.16985907
193,61.37879671,93.62039175,18.65396672
194,59.37147589,85.75692395,26.07470121
195,72.80086137,82.34162918,18.92851916
196,63.24648023,108.7603001,23.30546753
197,62.49878458,70.23401597,18.74826712
198,59.66263104,65.50861389,19.74213321
199,70.74739256,98.73771338,25.73044432
200,16.98861173,88.55123143,17.02498456
201,17.13159126,79.92698081,19.02061277
202,15.40589717,68.54932919,17.88776475
203,15.65809214,88.51048983,18.86805647
204,19.56381041,79.26357665,18.36952567
205,15.40312102,92.68373702,20.45078582
206,16.60820843,74.6631118,20.6543203
207,18.74926979,82.61734721,17.3348681
208,18.90426935,81.84997529,18.17912258
209,18.30968112,81.98568791,18.01272266
210,19.33470387,93.55280105,20.99373558
211,15.22538951,74.58565097,19.46233971
212,14.69765308,78.96514709,19.81344531
213,19.5161216,80.7108745,18.97424756
214,14.71070537,70.18185181,18.19737048
215,19.18197264,71.58010169,18.72963144
216,19.8601304,73.50734019,20.99502153
217,16.39535215,82.52339655,20.28155898
218,15.7559405,66.96980581,17.48042641
219,14.32313811,90.46228334,20.88818675
220,16.14565756,71.31007253,17.08498521
221,15.11279612,85.74904898,20.09340593
222,14.99927489,89.31050665,17.57212145
223,18.43475844,85.52950164,19.12065218
224,19.22008229,72.94940441,18.57665902
225,14.42457525,72.32667516,17.16606398
226,16.67921616,74.87445574,18.2872007
227,18.66725565,94.70992037,19.03025305
228,17.0662427,83.74606679,17.141861399999996
229,17.93253975,78.92060234,17.47809436
230,14.25803981,83.75937135,20.56601874
231,15.82069268,76.57580954,17.22385224
232,19.44225438,91.76071648,19.69141713
233,19.09172907,76.32470713,17.84851658
234,16.1074793,89.73119396,18.8202251
235,16.54314829,93.35034262,17.47500984
236,17.58406365,81.20176515,18.72649425
237,16.17772668,81.70769297,18.65580107
238,19.68538502,83.74879344,18.2356751
239,15.21618225,77.54294240000002,18.81198127
240,17.80852431,77.92798682,18.65054116
241,16.89574311,82.2545577,20.36720401
242,16.63805158,70.52056697,18.38120357
243,17.30457712,72.78624223,17.17012591
244,15.77458129,85.24819851,19.37101121
245,14.27327988,85.37378769,17.92845928
246,18.23490739,75.6317566,19.45339934
247,14.92241479,89.61857826,19.12829388
248,17.26184541,75.49101167,19.1034283
249,16.96070581,86.05078037,17.48504075
250,18.98030507,80.25064637,19.40751744
251,19.63719995,78.26039559,20.18649426
252,15.15405941,75.57790384,17.30287885
253,15.48083156,72.9446671,17.50361137
254,14.70085967,90.7760707,18.17234999
255,16.71826572,77.81891424,17.57445618
256,18.91295403,78.06910795,20.93175255
257,17.63879418,85.57925437,19.71098332
258,17.86754927,69.40619137,19.07937684
259,16.02542689,76.32565249,18.54988627
260,17.41333199,80.6405403,18.19903647
261,14.99451145,80.11133840000002,18.88852533
262,14.72115044,91.94595352,18.49311205
263,17.17260319,87.51312796,19.48974337
264,18.74943955,94.00287214,17.25769499
265,18.71483156,88.4585692,19.62416326
266,19.85388984,84.78344008,20.67526473
267,16.63294455,68.97806542,20.02381489
268,14.44228303,88.68168643,20.118744600000007
269,15.84572566,65.23811143,20.65691793
270,14.2804191,65.78042032,19.2582557
271,15.85622899,74.63872762,17.927806
272,15.83500655,82.69766829,19.16288268
273,19.96978871,69.64449182,20.26942271
274,18.25142068,87.27444866,17.09104223
275,17.54024066,70.87150577,17.06579293
276,14.44008871,92.06630306,20.62767492
277,17.85057083,79.20509212,20.8248451
278,18.72831993,68.81405149,19.46210401
279,16.42891834,72.85017344,17.18248372
280,16.39055394,79.45758333,17.48911699
281,14.76014523,65.11365631,17.48395377
282,17.44534641,80.4986291,19.48316794
283,18.09665739,73.64476535,19.71359733
284,16.06240074,81.52842690000001,19.48649305
285,14.82633099,88.6810311,19.95264829
286,16.80472243,68.4951189,19.41789736
287,18.02235902,78.44910564,19.45591848
288,16.41998269,77.33795356,20.19137759
289,14.74071856,94.78189594,18.8392908
290,19.83643308,94.03659867,20.71219282
291,15.9362937,78.69707199,18.99424448
292,15.57324389,69.15759062,19.96837462
293,17.60756635,90.82097601,17.81564548
294,15.27824066,76.77888672,20.71424384
295,18.75626255,67.9545435,17.34150229
296,14.33847406,73.0926704,17.43732714
297,19.76182946,69.09512477,18.89780215
298,14.77959596,89.60982451,18.59190771
299,15.36143547,81.78710463,18.31561493
300,20.59541693,128.256862,17.13692774
301,18.90705639,106.3598183,19.63474332
302,21.33953114,109.225556,22.91350245
303,24.24045875,140.3717815,16.43340342
304,23.02251117,76.64128258,22.13974653
305,18.77621951,143.09841709999995,17.84806561
306,20.31564139,60.91974792,19.88394011
307,23.3334788,104.7783947,19.32509638
308,23.42829938,132.9801054,18.416700100000003
309,23.20591245,130.0608093,21.81167649
310,18.28173015,143.7630894,19.72702528
311,19.87070659,87.99669731,17.15432954
312,18.67170854,144.1567454,19.62207826
313,21.17919701,134.3649948,21.63149148
314,18.72479695,88.06638775,16.06522754
315,24.36314135,69.63833855,20.61162204
316,20.39659714,116.5206923,21.42451099
317,21.21092266,86.21917578,19.07096165
318,19.63438599,137.1948633,21.18853178
319,22.42610972,108.3684316,23.0429097
320,23.10538637,67.71768947,20.65375833
321,18.29318436,144.7902323,18.09551014
322,21.07643273,69.44951585,18.23775702
323,18.8251973,121.9401369,17.48189735
324,21.47324158,82.68554379,19.9191786
325,23.2353604,139.7521543,20.27514686
326,19.2303162,108.3441414,15.77370214
327,19.17651433,96.77285817,16.71170642
328,18.15302753,100.6711761,17.66148158
329,23.61670065,87.05132890000002,18.50692825
330,20.81527638,64.19497947,24.51324787
331,24.54038287,105.4120514,18.87614998
332,20.31871249,61.13872036,21.59343016
333,24.45202552,106.158201,20.12373284
334,18.37477907,139.0302034,15.43546065
335,21.59396123,122.3886015,22.64236876
336,24.87304788,129.5650601,21.98560799
337,18.09224048,120.4509288,20.53052663
338,21.14544088,95.17028129,15.78601387
339,19.68751084,96.65888933,19.6365349
340,19.7520218,87.87869161,20.57341244
341,24.84207559,138.2362122,20.16080524
342,24.25386207,120.6913038,21.53989176
343,23.75560241,107.3850593,15.53834801
344,20.70099804,108.6434544,19.91853092
345,18.93146941,109.0193712,20.76952209
346,23.22197648,95.84253438,23.46168338
347,21.0278674,60.27552528,24.32116642
348,24.96969858,100.0497183,20.12574053
349,18.57086554,125.0972687,21.80619564
350,24.92607153,113.334026,19.52226241
351,19.90790546,103.2926407,17.00067625
352,24.96881755,75.45328039,16.78791503
353,22.89464642,62.21292186,24.84906168
354,20.4555596,98.77794225,16.51783455
355,19.38602098,107.6907964,18.15300153
356,22.3104551,63.38208822,23.18864385
357,21.98879437,87.66898664,23.38002569
358,19.37703396,138.414764,18.358923
359,20.51346956,94.9533526,19.25975367
360,24.03553105,107.7315386,22.95458237
361,22.89845607,104.6252153,20.120043
362,22.7182355,141.6056722,21.14011423
363,18.22590825,62.7089169,24.92360104
364,24.91506728,135.3315583,15.33042636
365,21.27833035,125.084915,18.81097271
366,22.77255917,107.4137246,23.44260668
367,18.97267518,63.59276673,22.8352024
368,22.27512704,146.4727237,24.9035819
369,24.35679348,119.6404412,23.78709569
370,19.60379304,126.7265372,22.05592283
371,20.18238348,134.1811718,18.87492997
372,23.02410338,135.33780330000002,18.62328774
373,18.86880997,100.118612,23.00884744
374,24.13995025,68.51253427,19.33162606
375,21.35793891,66.97053257,16.24469193
376,24.90814655,69.14681022,17.91652287
377,21.43780702,88.88796102,15.46789263
378,23.77201471,81.83420522,17.06104474
379,18.48522915,109.1013261,21.32776028
380,20.74619325,81.60211243,23.90910104
381,22.74378977,112.6616435,23.89756791
382,20.57940608,143.85849380000005,22.98666928
383,22.91244883,146.4548645,21.35135729
384,19.27907819,116.7324324,24.1638445
385,18.18325169,149.7441028,24.62835037
386,24.93896255,124.6118471,21.02213209
387,20.01730914,115.199245,17.30844532
388,24.75485098,84.64143632,23.82576704
389,23.96362799,129.3449326,19.30607278
390,22.33195853,130.3900798,16.03768615
391,20.83398341,80.15293435,19.18572809
392,21.79992115,64.02640797,19.92889503
393,24.67385131,139.2921004,19.56376468
394,24.32991649,76.14153904,18.31357543
395,23.22323766,73.36386477,20.10993761
396,21.90539577,100.5978728,23.60506572
397,24.89487354,84.06354115,19.73136909
398,21.1893007,133.1914419,20.93409877
399,20.24768314,104.2570723,18.78226261
400,57.92887167,122.6539694,36.51268371
401,62.73178224,163.7266551,36.89163721
402,59.38967583,103.3301803,29.23540524
403,43.35795962,142.33036769999995,27.33534897
404,55.46985938,184.6226709,21.0643684
405,42.35249879,149.299952,30.33276599
406,45.03186173,147.03614419999997,31.80130272
407,38.23184742,198.8298806,33.18184225
408,63.47742011,90.05422663,29.38538562
409,67.38680755,127.7767134,30.27374995
410,68.75810535,108.6333046,35.45790488
411,40.03262418,176.6165894,33.80020039
412,49.47225353,96.36222901,28.69180475
413,56.67369054,122.0146733,31.24021696
414,57.23265151,120.7435664,28.98039357
415,34.13737127,96.51524028,27.32198928
416,38.80023714,180.382234,21.47607807
417,34.69776639,107.4721605,18.31910448
418,37.73992903,161.48129630000005,36.97794384
419,40.1242747,121.5639121,24.80467592
420,55.96805489,194.5921148,19.3479443
421,50.12323801,179.2155874,28.88302142
422,47.19188279,192.4372194,19.54314136
423,50.54621094,114.2821387,24.7741949
424,38.40975482,139.64833169999997,18.33124824
425,45.3733757,132.7748215,19.14729038
426,49.4421345,186.5008581,28.23416057
427,34.13307843,157.0858232,30.11812084
428,35.42910045,139.6702541,33.4126864
429,46.68746847,177.3377996,24.18553163
430,41.69617915,94.46748008,26.88630675
431,57.97429171,161.7820226,31.33170829
432,67.07780816,108.5090168,33.30711818
433,46.48714759,150.87122019999995,23.45379018
434,39.04468913,168.5948318,34.53823889
435,34.51086611,197.3752649,19.50112224
436,37.57792132,91.72084869,28.76794904
437,32.24914235,180.716828,30.97758716
438,36.82639309,93.12330644,18.39759147
439,30.98685456,116.9106908,35.09357419
440,30.40046769,159.2649827,34.93174223
441,35.72032498,187.8961851,29.50523036
442,47.52980027,129.0064612,34.51934775
443,52.10010827,147.0414824,28.43430726
444,34.80541039,163.27474730000003,18.41645629
445,47.19847683,91.31256412,31.07508973
446,46.24856523,195.5697875,20.89342749
447,52.79913039,170.99198280000005,30.90607799
448,66.45457122,145.3728801,27.9348279
449,36.52780776,136.0456753,35.95176642
450,56.92831399,173.1686574,19.54317155
451,32.31528909,176.4134092,19.63736208
452,56.46868874,129.20286529999998,31.2192752
453,45.70976142,126.6738117,33.50876355
454,45.01110015,188.4928637,24.80710166
455,31.94550613,191.0658531,36.20970524
456,35.48885969,162.59277230000004,30.50420876
457,49.94704718,160.33374469999995,26.01630259
458,35.6395615,100.546816,31.48469278
459,32.45974539,105.03802749999998,33.15122581
460,51.29019509,192.3023991,23.50222822
461,38.83786012,148.25027859999997,34.87248659
462,44.93322042,197.1144011,28.09269012
463,57.3414485,118.3606557,24.54757829
464,48.41490082,100.4673278,33.64769646
465,60.54880693,191.0895109,20.5591255
466,59.33157782,195.787103,19.95991719
467,62.4901206,182.2688175,28.87667593
468,43.61444121,159.8938645,36.04353699
469,47.2879691,141.12507219999995,23.6734328
470,40.7192594,100.7791633,25.74679443
471,66.68832981,175.9303271,31.08564994
472,61.33186249,139.8710041,18.72987676
473,63.46513414,189.5208915,29.50304807
474,39.37252634,137.22796619999997,20.43517772
475,56.01334416,134.8596466,36.00415838
476,35.39454002,174.5723999,31.46846241
477,56.03021253,101.6073988,36.30049702
478,67.10604388,153.2504506,29.49096726
479,34.75591197,177.5764304,30.5753044
480,59.96669215,91.95792434,24.69487673
481,36.67847052,162.5931264,23.17409556
482,33.10695144,155.3705624,19.04380471
483,45.93248374,165.4113371,29.32379604
484,54.32342534,180.9009998,34.6455408
485,56.31006755,136.82743119999998,21.9989826
486,60.24218572,159.689339,22.99774444
487,35.29006485,178.8998611,30.55992394
488,48.17631461,165.40535400000005,31.46417866
489,40.58227261,109.1821183,25.95058595
490,69.69141302,185.2039114,21.01142393
491,47.70351758,149.063196,19.25100056
492,50.54495302,180.6465282,19.24462755
493,62.56532471,96.74706956,22.47253208
494,58.25799145,124.6028153,36.75087487
495,66.35375127,198.1403003,29.89286629
496,44.82294584,172.40168,29.37735586
497,42.89833235,186.9226052,29.65052947
498,66.34777265,173.11069819999997,19.54284889
499,48.93905624,122.4564203,20.04611791
500,64.70930606,32.67891866,27.91095209
501,51.27868781,36.5037914,27.32220619
502,59.3189118,36.92629678,28.66024187
503,61.09387478,72.98016599,29.02955344
504,54.65030015,32.05025323,27.78031515
505,54.1077461,71.6266696,31.99928579
506,55.27755933,73.44775287,27.33580911
507,53.57014709,66.35634104,28.92952635
508,58.59986279,36.94255012,27.65472156
509,55.77264351,61.32935611,28.52396666
510,45.89239456,53.56783314,31.02215872
511,45.38497051,67.43488235,25.74095321
512,56.85420099,44.94317432,31.70447482
513,58.51663927,34.96933295,24.47876451
514,51.79939437,74.44330654,31.46511256
515,50.7330069,53.39249517,25.60973447
516,47.18283631,68.04039813,30.30260453
517,43.6672299,45.78172762,28.17489437
518,44.8302551,74.32635105,25.50634557
519,43.58788762,32.76742894,31.12896766
520,55.59160391,35.1051197,26.34043268
521,61.5620517,72.66666443,28.23494706
522,49.32609633,48.25207759,27.04453473
523,55.25435777,40.89732789,25.16125354
524,51.66921088,32.55919573,27.3179125
525,49.66474269,31.87416982,25.4123765
526,46.01868196,53.1205277,31.21629982
527,58.22686794,62.74803826,30.573999
528,53.22082660000001,46.19374559,25.42517036
529,43.65305437,41.53749535,27.09400578
530,56.32938343,58.99536268,24.30935081
531,45.90067655,41.0550915,30.06142622
532,60.98353839999999,33.84110759,28.09568993
533,40.00933429,55.50429227,26.33908791
534,57.14218792,57.02891698,28.61409059
535,44.359648,44.11622138,28.70012137
536,59.79236306,42.24783476,24.21610338
537,45.20094476,66.1761456,28.50677929
538,64.95585424,72.19245835,25.97948991
539,41.36561835,55.053805,30.88482722
540,61.66852372,65.07981523,25.5042419
541,51.33189406,38.48678973,25.12528913
542,63.56791363,62.20279647,27.10508014
543,44.82069159,70.79934452,31.1006247
544,56.40226277,64.16167699,26.45707778
545,63.56222995,31.83192392,30.04132304
546,54.82130787,50.28438729,27.77799528
547,43.02151392,58.27600682,30.99256944
548,47.36534833,36.99362831,26.4908332
549,57.17377029,64.25520357,31.96987867
550,46.82652785,55.60523179,25.36140526
551,56.96640758,48.46797044,25.54249137
552,62.85948245,70.4713043,28.99319096
553,60.50320928,34.03335472,29.34317422
554,61.39451307,68.54877876,28.63618921
555,44.17085032,52.0810886,24.83206631
556,58.55363573,57.04826619,25.44689075
557,62.40392519,63.77192383,31.01274943
558,52.3003173,60.74583498,27.06179658
559,42.26206161,71.12710390000002,27.0956288
560,57.30636014,64.53027638,28.56800579
561,49.84213387,40.85534718,28.79929247
562,45.41393636,69.66289997,27.94293692
563,61.58245338,61.86633917,30.47757686
564,50.77148138,64.58559639,30.58139475
565,41.81420849,44.13827124,26.85911286
566,61.18749126,35.73403813,26.31051759
567,44.2252605,33.95825723,28.77833449
568,43.35365671,71.90018566,28.90245417
569,57.69622912,38.34303462,29.37687468
570,58.25204566,59.18953429,24.17093241
571,59.79023382,36.91852635,26.65333029
572,53.50567601,52.13580529,28.19912143
573,52.62741529,55.21606732,28.76488954
574,61.25353851,40.82840673,29.3499706
575,52.60950014,36.01203025,28.00937423
576,48.8246387,34.7426459,26.85851927
577,40.92604945,53.78769958,31.2123945
578,61.43378674,46.0203959,24.20422636
579,49.60384796,52.92929636,29.98835437
580,54.61813464,45.43669946,29.93964907
581,41.55934359,68.80141783,31.2119298
582,48.23991436,43.87801983,26.80474415
583,62.84916863,64.56807592,31.49398069
584,46.42693735,38.31597852,30.99694676
585,63.04749127,50.1978269,29.61253065
586,57.03184356,44.86052932,29.97604322
587,52.62696801,55.51932414,30.88883074
588,60.16299493,35.37493212,30.39321309
589,55.20522037,30.92014047,30.43683729
590,63.18180319,32.71129281,25.32688786
591,59.96664731,33.48919022,30.53684308
592,40.5926071,47.95406479,30.38257873
593,53.76623369,35.03404425,24.01825377
594,61.14754363,65.67591794,28.69841277
595,49.00323081,42.44054315,29.33743412
596,61.34900107,70.10472076,27.96583691
597,48.27531965,63.9187654,24.86803974
598,45.96341933,38.53254678,25.87682261
599,49.97675220000001,32.81296548,31.01963639
600,87.80507732,54.73367631,27.43329405
601,80.77275974,38.7976407,28.3340432
602,84.34262707,55.296354,27.01470397
603,81.04554836,36.35720652,28.17432665
604,87.32761241,44.75215854,29.87888063
605,89.71503316,42.99498978,29.89232778
606,83.24855855,56.48265193,28.56212158
607,85.57019009999998,53.01899249,27.53592929
608,87.93598094,41.82490236,29.68361658
609,82.1193047,46.75690086,28.14448546
610,86.73346018,59.87232071,29.53037621
611,86.45147631,44.64407105,27.88352946
612,82.35916228,44.01206619,28.22471276
613,84.96089355,45.91011391,29.008124
614,86.45193297,37.54602719,29.75538903
615,85.16906976,40.77872823,29.78416743
616,80.4513142,42.83053902,27.8640132
617,84.96771717,51.52617423,27.11026483
618,83.64274107,49.11964582,27.11030369
619,89.07866095,57.65901369,28.95451232
620,87.93724219,43.1386631,29.21780035
621,85.81675947,48.54598575,28.7420098
622,80.29868321,56.76278363,29.65021184
623,86.404241,37.31236904,27.23924995
624,81.67085323,56.51103293,28.95172351
625,82.60629652,37.01110438,28.18837136
626,86.20681554,50.47333854,28.30041493
627,88.71782287,57.79863368,27.89636126
628,87.50436797,44.56598352,28.6899851
629,88.73100226,56.68833819,27.826262300000003
630,81.59200689,59.87065439,28.70562673
631,84.61431076,48.48319335,28.6362812
632,88.4393979,48.56690235,28.28511547
633,86.13316408,43.80041104,27.60887393
634,86.99495766,36.94616965,28.60901145
635,84.80084105,53.43228915,29.24598976
636,89.11480590000002,50.49913241,28.62911222
637,88.07505524,45.04467075,29.57329479
638,87.16679147,58.37249772,27.82684262
639,83.14796296,40.12044158,29.8757015
640,88.50229102,51.09802625,27.33684386
641,89.30428305,58.86687093,29.83040388
642,82.76020821,56.04995423,28.2753171
643,85.99127934,58.41394143,29.86860065
644,89.9939693,54.96121262,29.5888162
645,82.9116472,49.61865305,28.07219563
646,89.99615558,52.84626009,27.84026517
647,87.45126690000002,55.03723979,27.10818093
648,81.94268594,54.62243308,27.68515114
649,85.60472562,59.03629954,29.34594634
650,84.8593608,52.93031105,28.36319404
651,89.80650642,56.52558045,27.65280218
652,85.44815232,53.15223123,27.31372793
653,86.89934108,50.46746116,27.06909959
654,85.91625451,39.23831035,28.06642822
655,81.13903037,44.17580911,27.73329078
656,89.92908171,45.48591922,27.53632932
657,84.28187572,56.09542002,29.66461594
658,85.85384444,41.39081525,29.914544300000006
659,87.59810657,57.99524359,28.36363858
660,87.60890009,43.15411472,29.46416042
661,82.89166381,50.91511275,29.73013036
662,87.17649,43.78420984,27.46852989
663,87.09979549,49.50812624,27.77076285
664,88.48312598,36.45012824,29.12939524
665,89.89593328,37.45680611,27.10606808
666,86.94206817,53.79732545,28.88078945
667,83.8001509,37.44800463,28.14720892
668,80.14487166,54.7960127,29.89129144
669,80.98004661,40.53173216,27.41503453
670,89.4875022,50.9246554,29.27308605
671,88.48587386,56.01913159,29.65296893
672,82.67639542,58.18713162,28.44524991
673,83.97586797,48.9366954,27.96235681
674,81.97952224,42.02483277,29.25649321
675,88.00989267,43.05130077,28.36291385
676,86.49366929,39.26137642,27.62749466
677,86.12194568,50.01534317,28.66086349
678,87.11497805,51.53848218,29.2114218
679,86.16063492,53.35486977,29.40889385
680,84.8845732,36.12042927,28.02952623
681,80.35005927,38.14476781,28.08657178
682,80.28038146,40.16545979,29.16174608
683,80.03499648,50.66487502,29.8596912
684,83.6869203,43.95183726,29.06631494
685,88.66663953,58.29933073,27.38538997
686,85.42058715,43.25095608,27.93034941
687,81.8009244,44.47427436,29.2808618
688,83.78911515,59.84499208,28.9973145
689,86.5543196,43.4826194,27.92678579
690,88.9570454,49.4897245,28.5474135
691,89.1886954,48.30159325,29.36488409
692,83.63802195,41.013132,28.56149805
693,87.91332682,43.12063289,28.43683487
694,80.45744422,44.30070517,28.79728147
695,89.12760359,58.52974279,28.7275267
696,83.52706038,43.25726752,27.95639663
697,83.69659318,37.2464655,28.17458662
698,86.69133979,56.12443206,28.77653519
699,83.48991368,52.55469976,28.438097
700,63.19915325,71.89090748,29.48439992
701,68.13999721,67.15096376,26.73433965
702,62.28814857,70.23207557,26.27274407
703,67.21113844,73.23573601,34.03679184
704,65.06601664,72.49507741,28.03644051
705,65.33538112,62.26242533,28.81460716
706,64.28791388,66.85510868,34.03619494
707,61.57072498,68.02199825,33.8642935
708,68.68401492,73.67166182,32.84213012
709,63.36085585,73.84949872,27.10053268
710,61.18235808,69.28607828,25.65842532
711,66.61452812,64.55882254,32.34744009
712,68.32176769,67.53021213,29.58949031
713,68.79427388,66.63830637,30.91219459
714,64.2097765,70.86340755,28.12787838
715,69.34811988,67.1367443,30.08545364
716,62.51007687,68.97097538,31.74379487
717,62.50460464,69.75555541,27.81326852
718,64.59457409,71.50569456,32.88733849
719,64.98742947,61.91208707,29.36358721
720,67.58618829999999,74.01229707,27.82592799
721,60.44848407,74.91559514,28.49538735
722,68.53997144,71.78615328,27.74274761
723,67.66323804,63.02473185,30.41588462
724,69.09047809,61.19250859,27.3254209
725,61.69295127,65.62859526,30.28496619
726,61.53278622,63.49726331,28.56840626
727,66.6379724,65.81655892,25.36586097
728,65.26774011,70.1415139,34.9466155
729,67.72837887,74.61649888,25.09737391
730,64.34848735,65.82045699999999,32.47648301
731,68.59232289,69.24464096,33.86351172
732,60.37332688,70.88787207,25.19857725
733,69.01852894,61.46892873,31.77681682
734,63.59948557,64.72797143,34.89814946
735,68.63525428,62.3061735,31.74105409
736,66.76017239,69.85112265,27.16159076
737,67.88521396,73.58663968,26.23773129
738,60.06534859,66.37171179,30.20157245
739,67.83563765,74.86960831,31.55846339
740,69.0854554,65.66436565,29.67892453
741,67.7017527,60.4693835,27.05365239
742,61.38597868,72.43169115,34.63880966
743,62.93692886,63.57445989,33.39438752
744,63.37230676,70.25496749,28.84079155
745,63.0563645,71.48327008,31.49338309
746,63.95425534,63.1830529,25.54960633
747,69.69366426,70.27184748,34.37329112
748,63.11296779,60.41790253,34.600824700000004
749,64.94329356,72.17818157,29.43463808
750,67.90577375,67.83345933,29.10713092
751,65.71765781,70.0866434,28.57006111
752,69.3478631,69.40878198,27.54384835
753,68.93875631,62.30278274,33.04687968
754,69.96100028,61.16350463,33.95309131
755,60.11680815,71.72980375,30.11873003
756,66.17587668,69.43895491,29.57812712
757,68.01232937,68.91754359,27.26458947
758,64.24992106,63.85668948,31.35730791
759,66.55723677,61.71111448,31.52104732
760,64.25510719,67.47677295,29.39982732
761,64.14928485,65.24194361,29.38400259
762,61.88871127,74.24459122,28.38686534
763,63.53604453,69.5274407,28.47442276
764,61.14508627,71.36947525,30.64095781
765,61.36669662,68.64685069,25.25596239
766,60.18122078,73.44678678,32.97030511
767,66.60416867,67.32520551,33.66855394
768,67.99803573,73.40452716,32.83963757
769,62.90020977,69.46020927,27.45853567
770,69.84354028,74.62068748,25.68576704
771,64.14800537,71.21006868,30.0328403
772,68.27085245,64.32887142,28.20667264
773,61.18956161,63.29900785,28.27265858
774,64.2020154,69.68862306,28.541723600000005
775,61.61367264,63.51822045,26.87187036
776,68.77994074,64.11411069,32.79766751
777,64.51136845,63.46546487,26.42333018
778,63.38789228,63.02169909,29.79181107
779,67.10464369,72.50669768,27.44003279
780,65.14877461,70.40795007,34.1262979
781,64.23364112,62.78730907,30.94908189
782,61.02701476,73.37686831,28.75751783
783,66.10123083,62.31842057,27.24766491
784,66.770943,62.2737345,28.63005477
785,63.64698302,64.42177127,26.41768321
786,66.15665137,68.83924882,32.81705216
787,65.91359954,71.16331975,29.6321052
788,62.73317204,65.45328463,33.49077065
789,66.74217464,74.22238583,31.86847286
790,65.62971858,71.64631281,30.32992227
791,66.31394098,62.83469851,28.546224
792,67.88811637,66.47264636,30.02629908
793,60.13263713,66.69096751,31.65531175
794,63.54718862,74.16699119,30.33499674
795,65.67718163,64.89517488,33.36984395
796,62.99303471,64.77651469,31.4345059
797,63.29103387,68.56507978,27.71678273
798,61.3009051,61.83876146,32.63918668
799,67.77954584,63.37784443,32.7477393
800,63.49802189,43.35795377,28.05153602
801,63.27771461,46.83130119,19.44084326
802,60.63872613,46.80452595,29.84823072
803,69.92375891,46.6352865,21.36383757
804,68.51966729,46.13833007,26.28663931
805,62.13873825,53.46622584,22.17499963
806,60.97876599,50.89110726,26.57597546
807,66.14007674,50.90994463,26.58972517
808,62.57526895,36.46946971,19.1345771
809,69.15640149,35.15426171,28.75273118
810,60.2816298,49.14337177,25.78746268
811,61.78779413,52.55730112,23.89271875
812,63.18832976,42.96018627,28.67408774
813,61.77336343,49.02366803,28.42062847
814,62.60136323,41.78219834,21.35499456
815,63.18738532,38.71834464,21.12695586
816,61.62313345,49.78102578,24.02037872
817,65.8567539,51.92057267,25.40474421
818,64.49166566,54.93937710000001,29.03017561
819,68.65257685,50.89732989,20.21368219
820,68.01965728,44.93261911,29.19585548
821,69.6897615,49.39111479,18.29783597
822,63.41785982,44.43177543,27.41434987
823,60.09116626,48.77790371,24.84063998
824,67.31323084,40.37113729,29.94413861
825,67.55109024,47.89645224,25.87990287
826,65.84395319,46.05333124,20.0467711
827,66.70897237,54.49044154,22.99451999
828,66.92642362,49.04015558,25.13163619
829,62.44616219,53.14531023,28.49584395
830,69.48515056,48.60449438,18.28766124
831,61.18458224,53.13946695,24.38041875
832,66.43934593,45.42616802,21.31852148
833,62.70637578,44.07819743,18.54141834
834,60.85993533,49.37369982,25.28710601
835,69.12613376,41.02682925,25.43459777
836,69.76112921,44.08562546,28.83600962
837,63.93927841,49.47371773,27.37659643
838,60.19461399,45.36521251,28.31886863
839,62.04814951,37.81123974,27.4818649
840,68.10365387,48.80253285,18.28072173
841,69.29786244,42.72374404,27.61204997
842,63.22011726,45.40277297,23.43974653
843,63.68128841,52.39881209,20.95628486
844,68.03209183,49.73922097,23.7937153
845,65.44544859,38.30411077,22.6371424
846,65.47227704,35.75107592,21.53577883
847,65.73085206,44.95654782,29.87854588
848,67.10004577,48.33941188,25.2653291
849,68.93307305,35.03484812,25.17885316
850,61.09533545,44.23629285,24.12192608
851,67.40460704,36.18678721,23.33565221
852,63.39503184,50.43306085,21.74600081
853,63.46170674,54.37814199,27.60195453
854,62.50453062,47.26052494,24.388717
855,66.895409,38.21370568,24.98287462
856,69.3159965,35.36831423,28.234829
857,69.55863145,37.11395801,26.03026959
858,64.07691942,37.15824966,28.04849594
859,64.00213929,48.28137482,24.87425505
860,62.35557553,53.40906048,23.97081395
861,67.76252583,42.89509057,20.06003985
862,61.28633405,41.7704893,19.59221047
863,66.29327012,35.69674138,29.77013109
864,60.53657684,48.06491307,27.52135365
865,63.14909763,45.49683991,25.62896213
866,60.47528931,53.31508572,20.39078312
867,60.4989659,39.18374505,25.39038396
868,60.71367427,42.19740397,24.91079638
869,63.20915034,37.46160727,27.70496805
870,65.1034354,51.54922825,18.06486101
871,62.45851612,50.6128521,18.13027797
872,67.89815262,46.90725077,23.82723528
873,62.74710773,49.55213308,23.19305333
874,68.17543102,41.45486619,25.08966129
875,61.88321072,36.68284038,25.86928193
876,68.05394959,39.00992137,18.43966037
877,67.02664337,52.50812701,27.14911056
878,64.50515776,47.01510708,23.33375853
879,62.96841833,42.87274897,26.7230014
880,64.45268309,53.04669416,19.55750776
881,66.7729209,46.48280681,26.13708256
882,65.57653373,49.94043064,27.99990346
883,62.10652364,36.5011366,29.05941162
884,64.1123333,50.17067771,25.71269843
885,63.73086065,46.62370222,21.79792649
886,60.26854183,53.12442925,24.70626432
887,65.8108757,44.23913012,20.94981756
888,68.98088448,41.61080544,24.84918386
889,65.21662467,36.10211371,21.91041045
890,68.70533022,51.02372773,25.93381964
891,69.4073209,51.56461082,29.82112112
892,63.13215259,45.20841071,27.52185591
893,68.6428593,46.10585191,27.99627907
894,63.90164154,47.9271552,20.76774783
895,60.424786,52.60285259,23.05276444
896,63.58337146,38.07659414,21.65845777
897,67.62779652,40.8106299,26.25070298
898,63.83179889,53.10207889,20.97195263
899,66.32102048,40.74536757,23.89736406
900,91.63536236,111.9684622,24.55981624
901,89.93701023,108.0458926,19.65690085
902,87.4024767,102.5184759,18.78359608
903,94.5110662,110.2316633,24.1469628
904,89.90147027,109.3905998,22.44581266
905,92.40501423,109.4169192,24.96273236
906,89.32594859999998,104.8955643,22.5526059
907,91.45498527,106.9659201,22.77035608
908,94.27659596,108.0423555,19.20090378
909,92.68328358,109.3930157,23.12808226
910,85.19098079,104.7693804,24.92639065
911,85.63608688,105.7595811,24.77464458
912,86.35590206,108.3168858,19.8671184
913,93.7974061,104.5375109,24.26601316
914,89.73266695,107.6836871,23.62600218
915,89.08935702,108.5468633,19.67832052
916,92.30882391,104.8216333,22.36509395
917,94.88267728,102.8593382,21.57936934
918,88.16779129,108.0756727,18.26233221
919,89.61794165,105.64999070000002,23.71028128
920,89.9224883,111.6631582,22.48720144
921,94.79397419,112.4349689,21.66024980000001
922,89.31505137,107.3416913,20.13037175
923,91.11927248,105.1834976,18.41164435
924,89.75272999,111.2818551,19.68291173
925,91.19442671,109.0946323,23.20242586
926,87.31290342,102.8013275,18.92157197
927,91.34039616,106.8704803,22.10621387
928,89.68919664,108.4758509,18.47412402
929,88.92944254,102.860084,19.81069447
930,90.83687246,103.1969341,24.4880844
931,89.93457597,111.0196744,18.75927679
932,90.29751796,104.3739878,19.54128063
933,87.74938524,111.28005159999998,18.91251245
934,94.95031368,104.0277061,19.91330523
935,89.64934166,108.22872759999998,19.72620525
936,87.84034604,111.2232716,23.83185873
937,94.25702672,103.8799347,24.94467632
938,93.87030088,104.6735454,24.692258
939,85.56083187,111.2787584,24.72485577
940,87.59629625,108.065579,20.12644921
941,93.0569505,104.7847006,21.02432943
942,88.1508343,109.8695196,22.40423537
943,89.38003827,110.9653137,20.33691147
944,85.56033312,106.9216033,24.24779615
945,91.90842992,109.2853418,24.81530144
946,87.95158129,106.0380805,19.66329768
947,90.3396556,112.459697,22.43377991
948,85.12912161,110.2437841,22.92052307
949,85.40695044,106.2817706,22.91843172
950,89.39686219,107.1951707,24.88244467
951,93.13277,105.2240743,23.40981539
952,94.26304717,107.5660804,21.20725375
953,91.12282162,109.66239740000002,18.20230419
954,89.7870345,103.3183074,22.34375696
955,90.88292835,110.4606459,24.32770134
956,88.71691157,102.5538035,19.75088482
957,86.19740917,111.0217929,19.86173586
958,93.14554876,106.3602023,18.07132963
959,89.61850203,104.617522,23.89162561
960,93.34236582,104.991282,23.98598756
961,85.42912869,103.0295938,20.93892916
962,87.22815682,109.4429934,20.82210727
963,91.61793636,106.8685636,20.86474944
964,86.10874614,111.3779693,24.45840036
965,90.64498715,105.6209954,24.51147697
966,92.03009222,110.9633894,24.56811204
967,89.01574455,110.6956184,24.63228709
968,90.97819712,103.7084055,20.07386547
969,94.63612858,102.6488846,21.80523051
970,86.34233767,110.4432293,22.8122645
971,88.48567856,104.6843243,22.73031253
972,94.94330457,111.1382096,23.2801227
973,87.1775172,105.4766591,19.30106297
974,88.83768149,108.6793978,19.0087067
975,90.88612388,105.529185,24.35193812
976,88.87651295,112.1926517,24.72235539
977,94.46485312,111.71620159999998,21.92513945
978,86.88738076,107.6435771,24.83954414
979,90.42177379,104.88188999999998,18.09691127
980,91.08706822,109.2537734,20.24104904
981,94.42971362,105.6917856,23.22594
982,92.97527546,106.61905,23.50128217
983,89.02127045,106.1606833,19.44623085
984,92.51675903,110.5764023,20.51343484
985,94.99897537,107.6103211,18.90223032
986,89.24126808,112.4750941,18.90592319
987,88.45577158,109.0357597,22.63045168
988,86.79058496,109.91309840000002,19.38603815
989,91.19431555,103.6012114,24.38318965
990,92.93386903,106.977723,23.77989026
991,93.16343942,110.0932899,22.59890174
992,85.4017118,106.128338,24.37766782
993,91.07776977,104.4407083,20.89273273
994,85.70786282,107.0050976,18.09903225
995,85.83618191,112.337046,20.00218987
996,89.80732335,102.8186358,19.85139326
997,92.65058936,106.2784673,21.25433607
998,93.32657504,109.8076178,23.65374106
999,86.20613842,108.3121789,23.88404783
1000,76.24900101,92.82840911,29.36792366
1001,83.67675197,101.0494791,27.33368994
1002,82.96221306,104.9378,27.40053601
1003,80.11585705,90.10978128,29.3159075
1004,79.39654531,113.2297373,26.05433004
1005,84.42379269,114.5357503,25.86632408
1006,80.18546798,97.32531705,27.00932084
1007,78.06762846,99.34482238,29.55054817
1008,83.390039,113.8729798,26.28845991
1009,76.16151562,100.0075679,29.16226551
1010,82.68752542,98.75084366,28.65003945
1011,76.50045221,100.1692639,29.07311132
1012,75.26429821,118.2761894,28.08166093
1013,78.80860679999998,99.72430835,27.1994597
1014,78.04602887,108.3957179,28.05484146
1015,83.34688193,98.66679427,25.14748006
1016,78.3422098,119.84797,25.94019018
1017,79.68542782,108.66464,27.66752761
1018,75.94067692,102.7867717,25.56703012
1019,82.54195839,116.1616839,28.6956201
1020,76.8532006,118.6858263,26.33544853
1021,78.89864446,98.21747528,25.93730186
1022,84.88394407,91.46442491,25.13686519
1023,80.79783998,105.0776992,27.50527651
1024,82.34429458,112.0700033,26.21009246
1025,79.19588629,92.07835761,29.10403455
1026,77.32017166,90.66727868,29.244063800000006
1027,77.38229006,93.10247183,25.56202173
1028,81.36028902,98.16752001,26.3985515
1029,77.79586769,109.5408614,28.09577643
1030,83.31110751,117.2878912,27.84767901
1031,81.4654833,94.31102057,27.39341554
1032,81.38204104,119.218154,25.14517635
1033,79.28693687,102.4633775,28.65456263
1034,76.67484233,109.575944,29.16093424
1035,82.0638878,91.34276507,27.57278064
1036,82.36208097,112.9794804,25.40909896
1037,83.33983116,112.0777152,25.99069521
1038,81.06003778,118.6730366,26.29039046
1039,78.71024836,117.536781,29.14827211
1040,79.35898915,107.3944717,26.59743595
1041,75.03193255,116.5531455,25.36059237
1042,80.18080728,112.3982055,29.12036889
1043,77.25629897,110.3262123,27.53911354
1044,83.51014178,110.2511102,29.66727337
1045,84.97323747,110.4408803,25.05802193
1046,78.52399914,116.3019555,25.86824781
1047,81.95580471,119.08561709999998,25.85036988
1048,77.79913575,108.8547508,26.51682337
1049,79.59242542,118.2583441,28.66725136
1050,81.54448882,91.40508414,28.14938935
1051,83.69950440000002,95.12322062,26.42313317
1052,81.40740301,109.9825551,26.59386409
1053,76.57853189,102.2099836,27.71822477
1054,82.95958244,109.022564,28.98333432
1055,83.96754496,117.229079,29.42017919
1056,81.10523402,112.1355384,27.39872329
1057,84.41007614,111.0162259,26.4020227
1058,82.69285419,99.20961514,27.81251452
1059,83.55829874,115.8586081,25.19640218
1060,75.77363772,119.695765,28.31193338
1061,80.47152737,110.10323,25.90113128
1062,76.11239849,109.2768851,27.48612983
1063,83.50423735,109.2486647,29.38254012
1064,81.08183635,108.8616474,29.22118628
1065,81.33506906,110.1331182,27.09062164
1066,81.81365007,104.4812858,26.12643374
1067,77.95192527,90.43495443,29.01207743
1068,79.28625709,119.4765557,27.96799119
1069,76.05522115,118.99235729999998,28.0764455
1070,84.97849241,90.94554618,25.16278237
1071,84.51194224,114.2005455,25.78749808
1072,84.47321314,91.06493353,25.34119774
1073,78.34971537,96.45042585,29.44795403
1074,78.51833782,113.1161095,26.47522633
1075,83.31172003,92.78133617,27.39489579
1076,80.26173100000003,94.32961456,25.08347445
1077,76.48541655,91.73358569,26.671983500000003
1078,79.49221962,100.6619171,25.44926208
1079,80.64303840000002,98.00403016,28.22776705
1080,77.48247073,103.5045395,28.127950899999995
1081,82.1888998,95.83016448,28.9470467
1082,84.15403614,97.55986676,27.96236771
1083,78.90085998,94.68180316,28.00316034
1084,80.1190228,90.45142867,29.1400919
1085,83.36307683,90.24211529,27.9122104
1086,81.53977797,96.47800391,25.43480512
1087,84.51602322,111.0843029,28.55980972
1088,82.99556744,100.5123341,26.59580783
1089,77.39706290000002,99.46950465,27.19711623
1090,79.29122198,105.4220251,25.29391516
1091,76.98740841,91.99964712,29.90888522
1092,76.63713353,109.0921631,27.94972463
1093,78.76260938,108.3690513,25.01018457
1094,84.70189923,108.5501443,29.21144871
1095,84.54625006,90.81250457,27.35911627
1096,76.52808057,103.7040783,28.0106804
1097,82.20793613,94.37987496,28.67208915
1098,78.48738349999998,92.15524332,27.34585147
1099,78.20585613,98.12565829,29.50704598
1100,47.54885174,90.09586854,29.73770045
1101,53.72979826,98.67527561,33.55695561
1102,47.67525434,95.85118326,27.00315545
1103,45.53556603,95.70525913,33.56150184
1104,54.25964196,92.19721736,35.89855625
1105,50.62161586,98.00687989,34.17719782
1106,53.19212381,97.72843182,30.01592643
1107,45.16127859,93.75441586,31.74592134
1108,52.22780489,95.3713484,35.99009679
1109,52.19331595,98.46768642,31.86641378
1110,52.34605806,94.11213345,27.75518664
1111,51.4271781,97.31258083,34.72413192
1112,53.63549533,99.35408185,27.53907547
1113,48.56224879999999,89.85646496,27.69637763
1114,52.66319725,91.87312479,27.25373364
1115,48.88704844,94.42850522,30.33723921
1116,45.53106268,91.55845821,31.85744939
1117,49.45962621,97.41054011,35.39986338
1118,52.13797867,95.74606104,29.80747243
1119,54.16482251,98.33351125,34.16438906
1120,47.94053996,99.9834242,28.93270187
1121,53.33018851,99.61465679,27.98392787
1122,54.49960506,94.62954663,31.20478173
1123,50.52559148,98.63333684,32.13409675
1124,48.13974548,97.01331604,28.91862016
1125,47.41196659,90.28624348,31.09779147
1126,49.08864345,90.65022183,34.73823882
1127,49.48613279,91.82271568,29.98080499
1128,46.12866113,90.82549241,33.80398664
1129,50.96040505,92.09609766,30.07202564
1130,51.77965917,100.2585673,27.92063282
1131,49.21729127,92.99739415,31.40948821
1132,51.94190321,100.2160615,35.7877738
1133,45.02236377,98.81596545,33.36140093
1134,48.69677802,98.00644238,35.96054636
1135,51.39586505,91.67241761,28.33333307
1136,50.19368841,95.99487068,32.27652024
1137,50.84881347,97.38741498,31.99490489
1138,48.56916221,95.8445641,27.58258929
1139,45.88744691,100.8124659,29.38471637
1140,53.2328243,90.21633216,32.38697531
1141,49.92963856,90.14047759,30.91471455
1142,45.58110023,97.41586402,35.37775595
1143,52.58967710000001,93.36718816,32.32362177
1144,47.40519056,97.76832322,28.22373428
1145,47.16808054,95.257992,27.27433181
1146,50.70880979,92.37238878,27.10710832
1147,48.75613373,91.63074547,34.89226666
1148,48.50387598,92.26439205,33.7462686
1149,54.43945147,96.27792547,27.351105600000004
1150,52.61323969,94.49161372,32.89300162
1151,51.42664176,90.29643888,35.38598705
1152,47.90859131,90.40332704,27.552973600000005
1153,47.45553843,90.89173106,32.82141065
1154,51.0845903,95.23444287,30.17294105
1155,54.82257868,100.7586226,29.26382931
1156,51.08494181,96.59816497,32.06097197
1157,47.71875722,99.642454,28.69818144
1158,49.40983294,97.55155537,29.14305008
1159,53.53903102,90.40260445,28.347161100000005
1160,45.41692012,92.84991507,27.67256197
1161,46.16888595,93.30247448,28.1218093
1162,46.69536813,92.21318555,30.79375683
1163,54.80750249,94.76322976,28.89409382
1164,45.61143594,98.28583013,33.33024826
1165,53.96886679,91.01152997,27.78912455
1166,48.20662669,91.09745581,31.65333432
1167,46.73723302,91.405983,29.75150773
1168,50.22287593,89.78216168,31.32995611
1169,48.97047762,97.51952041,35.63627319
1170,51.98594645,89.98024312,31.66524687
1171,53.56092806,95.94035356,32.26935342
1172,51.59445462,95.89898581,27.81005614
1173,50.34035336,100.3060719,34.58561471
1174,52.23810152,89.74409017,31.27180992
1175,52.72170281,97.4611918,33.93679864
1176,47.02058367,91.46664318,31.09154239
1177,49.02450149,89.59371481,31.89356292
1178,50.69693751,95.04871605,32.45465292
1179,47.97230503,97.79072474,35.47478322
1180,49.30347234,93.53197359,27.32961444
1181,49.95955487,91.77522598,30.90225239
1182,45.5661059,96.23520043,29.09382275
1183,46.78393776,96.63721027,30.02086169
1184,51.25786185,96.38808001,34.13072188
1185,53.05980465,98.05089394,33.44619894
1186,52.48823147,91.22881052,35.3915464
1187,53.06009323,98.57025046,31.53356352
1188,47.93791463,90.38503469,30.764551500000003
1189,50.09831810000001,96.08745082,30.01821337
1190,47.59319575,94.67344737,31.32863689
1191,54.39416048,89.29147581,33.88004781
1192,54.9640534,97.45373619,28.07802689
1193,52.94641947,91.54560427,35.53845018
1194,50.44030129,95.8946444,28.70595247
1195,48.77926304,93.17221967,31.48451729
1196,51.41593238,100.7720705,27.69819273
1197,52.48100602,93.92375879,30.41235793
1198,54.01352682,91.88766069,32.17752026
1199,47.74916499,91.10190759,32.611261400000004
1200,81.54156612,67.12534492,29.99677232
1201,82.42614055,68.38135469,30.7280404
1202,83.88504863,68.73932528,32.44577836
1203,80.65968681,66.83872293,37.46566825
1204,83.74372787,65.34440794,22.03296178
1205,82.21079946,70.39906054,39.64851881
1206,82.75241875,66.76285469,16.77557314
1207,83.56812483,69.63122027,12.14190714
1208,81.62497448,66.77844567,12.7567962
1209,80.18393287,73.88467027,39.04071989
1210,82.68593454,74.91506217,39.70772192
1211,82.29335466,66.02765219,9.467960445
1212,80.91934392,68.06417307,29.58748357
1213,80.96093443,65.84748763,17.82803682
1214,82.89753705,67.235765,8.825674745
1215,83.51444973,73.02882766,27.83487131
1216,80.55557235,68.23963161,11.02105378
1217,80.84806564,71.40654520000002,17.5862944
1218,82.73366439,69.66256816,19.89363946
1219,81.77713468,65.52279323,29.93707596
1220,80.58931938,72.24230804,36.73126647
1221,81.54185044,66.93065667,20.42094753
1222,83.98351748,69.17281221,25.51939719
1223,82.71775569,70.08200379,30.50734778
1224,80.55625868,69.75734306,18.426993600000007
1225,83.59398734,68.66813363,12.087022
1226,82.48336987,73.23901752,23.60115364
1227,81.20876367,67.10439401,12.80000387
1228,82.24729637,65.70148216,38.06099482
1229,82.03812973,69.30772897,39.06555518
1230,81.16314317,74.53557341,33.78372897
1231,82.00335557,73.28712806,16.76201707
1232,82.66850729,66.53946559,35.89307536
1233,81.17931863,66.38448261,21.01245395
1234,80.01639435,68.69420397,10.89875873
1235,83.00471609,71.55665483,16.36251869
1236,81.32235739,71.06611222,20.28370163
1237,83.25447587,73.01026829,25.11108456
1238,83.86742974,67.92204319,33.4641162
1239,80.86325389,65.06962486,11.7976469
1240,80.03100049,71.18289431,11.36300891
1241,80.68700527,67.03840888,25.23542319
1242,81.23966573,74.40198861,15.99050693
1243,80.18612085,65.3973168,22.4359017
1244,81.03544763,65.70430027,34.76086052
1245,83.34010951,71.43001582,31.11047251
1246,80.95628959,73.34232097,28.57828803
1247,81.01783402,68.68895899,41.18664903
1248,83.17093908,70.95666003,27.02766138
1249,82.33098331,74.62834921,21.19339319
1250,83.44518113,67.39173790000001,10.38004759
1251,82.56407013,65.01095312,31.3115978
1252,80.97598029,71.29813872,20.46657776
1253,81.53996362,66.13442813,29.36947679
1254,80.02130636,65.29821120000001,10.72302459
1255,80.49979873,71.63437433,14.97846952
1256,81.67215994,71.60102999,15.3246651
1257,81.12109244,73.55807954,18.73932187
1258,83.36094029,67.15094741,19.3642553
1259,81.61051026,65.90227462,41.20733624
1260,82.51034633,70.68098614,33.34214482
1261,80.12211649,67.27398640000001,23.81995682
1262,81.24995984,74.03030056,40.66012294
1263,80.2827185,74.10225057,11.82768186
1264,83.54193816,65.80006004,13.28504331
1265,83.32560104,73.67984885,35.83089092
1266,81.03886263,66.05911698,26.18159716
1267,80.70695797,69.706113,24.57558351
1268,83.71498986,66.48490371,29.67229086
1269,81.25353895,74.08101744,39.37102553
1270,82.92903419,69.8671263,17.66558428
1271,82.66396666,69.81855775,24.06679352
1272,80.09711412,74.82144653,15.31413469
1273,80.54942557,69.39630398,21.77466746
1274,80.76838926,69.30927185,26.91624843
1275,82.22118237,74.19664838,41.65602996
1276,81.17712085,72.37127689,17.98667801
1277,82.79092939,68.8503047,29.12033769
1278,83.18392806,71.03001556,34.38922481
1279,82.79782954,69.92107482,41.36106301
1280,82.26890793,69.71518491,35.12158265
1281,80.15215777,73.69529586,19.6491772
1282,82.94270065,66.57462809,16.27852801
1283,80.63399198,69.27779761,21.11903604
1284,82.90428409999998,66.83113717,19.2077707
1285,82.57813624,70.31782647,25.96308415
1286,81.6212135,74.10919422,25.67385024
1287,81.15595212,73.06862952,41.94865736
1288,80.8084305,66.34234944,11.18994268
1289,82.94703302,73.77063744,17.5438296
1290,80.28297993,70.75633584,13.05809741
1291,83.74765639,74.46411148,9.724457611
1292,82.93262435,69.92092839,27.92004934
1293,80.73112694,69.44115171,9.535585543
1294,80.06633966,71.40043037,13.42988625
1295,80.22631717,68.42802444,9.851242629
1296,82.72828653,66.70016285,24.97256132
1297,82.94573346,70.42508897,27.23708304
1298,83.4795292,66.5964488,18.70679077
1299,82.55138983,66.00817551,9.949929082
1300,80.92254421,53.65742581,26.47330219
1301,83.44621709,46.87420883,25.18780042
1302,81.77527562,57.04147057,25.29954705
1303,88.30866319,57.95826144,24.74631269
1304,81.32563243,41.87540028,26.58740671
1305,88.989272,49.11618732,24.53442564
1306,88.7285657,57.79652846,26.0713757
1307,89.77076659,59.46338556,25.96534238
1308,85.34866045,54.60159289,26.22338015
1309,89.81574032,44.07843475,24.41311871
1310,80.04678201,57.72799157,26.49195283
1311,84.18406764,53.78929956,24.04355803
1312,83.31883376,57.57343233,25.5421695
1313,83.9195902,40.794305,26.74550678
1314,80.22972777,43.08961827,25.7131428
1315,84.17269959999999,44.22066914,25.76484262
1316,89.64815231,57.74091817,26.79489868
1317,89.73524177,57.44942094,24.9004602
1318,88.22874955,58.79889057,26.80750629
1319,80.02621335,44.20656987,25.11189154
1320,87.68839820000002,59.65590798,26.2148837
1321,86.97190046,49.48575692,24.9103226
1322,84.26830701,56.45229202,25.79448878
1323,87.55055105,40.12650421,25.26931156
1324,87.5931128,46.05122728,25.76402693
1325,89.13163965,46.85176955,25.85483596
1326,81.44030363,48.32113628,24.33528185
1327,80.99313508,57.23028471,25.37601283
1328,85.05318563,55.29563514,24.86094646
1329,88.94568335,48.45978627,24.71885473
1330,84.20576992,48.01138482,24.21495706
1331,82.043255,54.82963379,25.81692236
1332,84.16390229,57.26773002,24.47018505
1333,84.84494575,51.19470197,24.13078816
1334,86.52258079,49.43050977,26.1793464
1335,86.72952049999998,53.33484977,26.17668721
1336,84.6378378,44.3993381,26.03867719
1337,82.39053979,54.30660782,26.53259325
1338,87.8274604,46.06193778,26.81938687
1339,81.40297428,48.47833278,25.50405534
1340,80.38266489,56.47941847,26.20234499
1341,89.28272716,43.52897517,25.13735887
1342,83.47202566,42.10681516,25.92030221
1343,89.98405233,57.40847165,26.6634609
1344,81.64075303,51.75212401,24.06731461
1345,82.75411437,57.05709413,24.6774157
1346,87.64081095,58.48160844,26.11440416
1347,87.65694462,55.74073582,26.81530456
1348,80.27525115,55.49541453,25.15623099
1349,83.15393658,49.29456609,25.2801372
1350,80.90127035,49.08553937,26.22005978
1351,80.61750795,50.55710813,24.92093261
1352,81.01009354,54.65423596,26.21667586
1353,87.21986949,51.70497792,26.81383586
1354,87.47409052,48.11248366,24.31334971
1355,88.04541346,51.26046418,24.29105004
1356,86.33904774,48.58241822,24.42998931
1357,88.6984228,54.22722466,25.66576039
1358,83.46230461,56.39962921,25.07803672
1359,85.87059083,51.70699144,24.88910524
1360,82.91481799,56.34144589,25.42900869
1361,87.1269128,44.63907691,24.37118217
1362,88.59143088,46.06382209,26.493064500000006
1363,89.00481725,45.24690619,25.83202912
1364,89.39655519,40.32161859,24.41592661
1365,81.2514818,44.20899581,24.37190239
1366,83.03687902,54.76576239999999,24.24782473
1367,85.49938185,48.31219031,24.64458469
1368,86.10782926,53.14626213,24.89681131
1369,81.12122989,49.52320689,25.41864024
1370,86.14585891,58.97878791,26.26028739
1371,87.20772913,46.59207341,24.90123934
1372,89.20454622,59.67927244,24.84740848
1373,86.70068316,42.91292205,26.98212846
1374,86.25426228,59.75980023,26.90435747
1375,86.67468041,41.16554802,25.86475496
1376,81.14149505,51.51033554,26.70607759
1377,80.91934337,47.81847573,26.44019475
1378,84.42478917,50.78669728,26.283443
1379,83.85039964,40.228644,26.84366082
1380,83.9862443,43.87712348,26.03967219
1381,85.00802358,48.75859458,24.92994759
1382,84.24340241,44.2068997,25.50736962
1383,87.93923120000002,57.51549686,25.4438391
1384,86.5507939,40.71210074,26.12588914
1385,87.52676159999999,59.26519444,25.10474753
1386,86.63249555,54.38748495,26.27520631
1387,83.09194521,46.76837499,26.27061608
1388,87.82430156,47.46447019,26.73690828
1389,85.5667282,56.72496677,25.04746944
1390,85.56967628,48.99390828,24.69368934
1391,84.60808277,42.00660251,24.54356968
1392,81.96664832,54.49960057,25.89762315
1393,84.31756844,56.31866159,26.6333118
1394,80.45846265,47.72078245,25.35794749
1395,89.63667876,58.28697664,25.28784623
1396,84.69546874,48.32428609,26.63838589
1397,84.30533791,41.53218699,25.3310446
1398,83.89241484,43.97193745,26.89750174
1399,89.4138489,58.54876687,26.98603693
1400,94.11878202,28.08253201,27.57826922
1401,93.03555162,26.32405487,27.82054812
1402,94.22237826,22.52497327,29.09910406
1403,90.83130708,20.76223014,28.04943594
1404,94.55695552,28.16057247,29.91690582
1405,93.25103208,26.26243014,29.86895762
1406,92.21405224,21.30290472,29.17220859
1407,90.06998135,25.93496537,29.24908541
1408,90.35567642,25.21609113,27.76317235
1409,94.26765349,26.23838511,28.82629037
1410,92.09688432,29.86681385,28.52379742
1411,90.97685539,29.1194739,29.06785065
1412,90.73891887,25.33014238,29.08417927
1413,94.79453182,21.08484101,28.47090661
1414,90.38971208,21.58992507,28.27973674
1415,91.21322065,20.88620369,28.47212559
1416,94.30111601,26.83924845,29.68846716
1417,91.66737633,21.26034986,27.02415146
1418,94.16748386,26.70581328,29.09588297
1419,92.58862544,29.1102594,29.69238699
1420,92.86798698,28.78654515,28.20619412
1421,93.92217834,23.66620626,29.05248036
1422,93.61870344,27.56918621,29.57240298
1423,92.43510994,27.95602304,29.10968327
1424,92.91440379,20.36001144,28.20480805
1425,92.12543021,24.52020164,29.11858526
1426,90.10051615,23.69586761,29.62800691
1427,90.36881284,22.68766503,29.81196601
1428,90.93897939,22.81863447,27.72338349
1429,92.92367701,28.70627683,29.26092798
1430,94.29753295,26.52364146,29.72791119
1431,90.78413842,23.44398467,28.91105641
1432,93.88482153,23.56130173,28.96361426
1433,91.33617236,29.44008034,28.59052369
1434,90.69759008,28.69113835,27.33897716
1435,90.75284363,25.37828397,29.90415889
1436,90.02696201,21.7508774,27.42711692
1437,90.70937262,28.36535596,29.55657523
1438,93.76312893,23.28207838,29.84070774
1439,91.72742702,25.1290048,28.53545677
1440,94.86907886,26.51924782,27.11535046
1441,91.60666594,26.47844429,27.84492803
1442,91.82172592,24.93861254,29.03157242
1443,90.56698742,21.19014526,27.82424457
1444,92.00687531,20.21126747,27.72653142
1445,94.30759855,22.21807088,28.69708334
1446,90.97015715,20.49035619,29.73019662
1447,92.91778307,21.9653077,29.54097171
1448,91.78336933,25.16359891,28.80311922
1449,90.53330091,23.49535234,27.29035669
1450,94.87679041,27.27899847,27.46583649
1451,94.72981338,26.30820876,29.49401389
1452,92.51054946,26.85422624,27.79161808
1453,91.52291141,21.90440445,29.12533739
1454,93.56161439,20.66127836,27.93114233
1455,92.12534736,20.76212031,29.45771748
1456,92.17444796,28.94766949,27.96872279
1457,91.07574233,26.01909355,29.48882958
1458,90.77069618,28.75226067,29.47156259
1459,90.14362622,24.4514648,27.076726500000003
1460,90.80015308,25.09484511,27.30008597
1461,90.79007335,22.84203589,29.82729394
1462,93.22980899,24.34814338,29.93061247
1463,93.90741192,20.39020503,29.94349168
1464,91.47355778,21.17924769,28.03306461
1465,94.0371147,21.0000988,29.8843055
1466,92.91185695,22.06207161,27.7058373
1467,94.65343534,27.8659442,29.78714005
1468,92.86597437,27.598717800000006,28.57819995
1469,90.33698678,26.0365768,29.48069921
1470,94.96218673,21.01796432,27.51492243
1471,94.81637388,21.84869328,28.05457761
1472,93.12603235,24.15591199,29.03167341
1473,91.89216849,26.88372572,28.5854649
1474,93.42402083,25.32159689,27.08808014
1475,90.84660317,21.61893763,27.99611732
1476,91.14849627,24.05207925,27.87317436
1477,90.71832938,22.25838137,28.96586565
1478,92.48839665,24.44267592,28.87726019
1479,94.19790371,22.06994464,29.17052093
1480,90.01506395,21.44532907,29.34033587
1481,91.91533173,28.83568362,29.07265321
1482,92.50969311,29.11187663,28.68275966
1483,91.39356832,23.20076686,28.92705913
1484,91.64193051,23.28618248,27.99901833
1485,91.79742953,24.84266123,27.59350075
1486,90.60932469,24.69720481,29.87331077
1487,90.45773041,27.26588346,28.55852465
1488,91.46241065,26.48240255,29.19378695
1489,92.78226196,27.14509034,27.98780984
1490,91.81758779,20.76582087,28.05380704
1491,94.29119509999998,27.21244021,27.350629600000005
1492,94.5513539,28.22908103,29.34081108
1493,94.22253035,28.98574189,28.61475136
1494,91.34685096,25.08146686,27.04863538
1495,94.57459443,21.13545688,29.5275305
1496,93.46806467,24.20007242,28.50416396
1497,94.78993038,23.0362503,28.89578588
1498,91.3821731,23.65747461,27.04927452
1499,91.69532178,24.7458198,28.96017885
1500,90.69489172,110.4317855,22.75088787
1501,94.34814995,114.0512495,23.8494014
1502,94.58900601,116.0396587,22.60800988
1503,91.13435689,122.233323,21.18667419
1504,91.69913296,116.07779309999998,23.41044706
1505,93.12859895,117.7296726,22.86006627
1506,93.40819246,105.5473627,22.48403042
1507,92.96129462,121.1349176,22.02775403
1508,91.68748063,117.0761277,21.91191314
1509,93.27392415,112.66765890000002,23.71059131
1510,92.72043743,106.1417017,21.37784654
1511,94.32130209,123.5977843,22.84852833
1512,92.79630809,108.183792,23.1094265
1513,94.54128292,105.3558408,23.25230817
1514,90.4935574,104.2298028,23.67287749
1515,90.59810302,102.2648546,23.76881552
1516,91.47684705,104.4267991,23.34386401
1517,90.18451645,108.3405879,22.63946441
1518,94.76285385,114.8407725,22.45696744
1519,93.58065995,104.64729859999998,22.96388477
1520,93.56585985,107.8737015,21.07273439
1521,92.70785115,121.4977331,22.44075021
1522,90.45261746,109.8852597,22.71271308
1523,93.44006288,115.1781396,21.70416965
1524,92.48667725,119.1025189,22.43324518
1525,92.84416234,109.06584709999998,21.25941052
1526,94.89613443,105.6941544,22.9215706
1527,91.51861705,107.855225,22.81212536
1528,90.6878768,102.8017203,21.12152071
1529,90.31528693,104.5086618,21.11478672
1530,90.97597665,107.17281909999998,23.59997268
1531,94.71203306,108.62118329999998,23.12652652
1532,93.3204487,122.1952483,22.98458907
1533,90.97818277,104.5412275,22.12659387
1534,91.48135786,101.8474768,22.53779727
1535,91.70292746,124.3915101,22.49095104
1536,94.47811755,116.7366261,22.35548159
1537,93.50574163,120.1593771,22.20700989
1538,94.73763514,107.1843273,22.44516988
1539,92.12438519,120.4359949,22.76643029
1540,90.02575116,112.3126628,22.19109412
1541,91.70293849,123.5900822,23.6119202
1542,94.92048112,105.0241329,23.86087054
1543,92.62665309,102.8045658,21.42177231
1544,90.78572467,124.9831618,22.36629253
1545,91.61001707,117.6102915,23.99686172
1546,92.73446667,120.05866709999998,21.80129837
1547,92.80441624,100.6192543,23.80436344
1548,91.53331177,121.8961665,23.71475278
1549,90.37981478,112.8954016,23.34467359
1550,90.03577124,113.0688155,22.31253665
1551,92.21083961,107.9868949,23.50201428
1552,91.45665004,111.7763395,23.46260321
1553,92.39544055,114.7399101,23.06204373
1554,91.22759742,124.2179699,22.47420512
1555,92.82223419,105.0508234,22.69780133
1556,93.90191078,105.4004751,23.66682067
1557,92.45878335,100.9343903,22.50050273
1558,90.84422164,109.5966791,23.83053666
1559,93.74461474,116.6912176,23.64142354
1560,92.99124545,118.3979065,21.41363812
1561,94.57645809999998,117.53140259999998,22.85267372
1562,93.84505029,109.5852253,22.98208095
1563,90.80819418,103.6838922,21.19909519
1564,90.49939035,103.0548094,23.87192332
1565,94.33919546,114.7412734,21.0365275
1566,93.51978375,116.9256766,22.61711614
1567,90.74531921,116.7036582,21.45278675
1568,92.12992101,109.3383552,22.81227579
1569,91.12719303,115.4789148,21.98141856
1570,92.54780429,115.3830068,22.52709326
1571,91.92360477,107.7697413,22.35628673
1572,92.15595143,105.8554351,21.19852186
1573,93.45067555,104.9116663,23.8812458
1574,94.36803516,122.1449949,22.78234161
1575,92.43764169,121.6622761,22.19055385
1576,90.70475565,118.6044645,22.91430043
1577,90.22507299,108.2166601,23.08950736
1578,92.83975602,121.6961761,21.72484506
1579,91.59234006,102.5565807,22.44307715
1580,91.95769858,122.5391946,21.1316077
1581,92.25479855,107.0289866,22.71750705
1582,92.88160462,117.6602827,23.75033085
1583,93.661643,100.825956,23.76121837
1584,94.67695747,112.9203223,22.13450646
1585,90.23730166,123.6495149,21.17089176
1586,91.15761594,118.68327250000002,22.36238282
1587,92.70124029,113.7759219,22.77856513
1588,90.09877774,113.9760462,21.22503442
1589,90.34396882,110.712841,23.15791104
1590,93.91722423,102.7230739,22.42776057
1591,90.95257927,116.7431319,23.64082979
1592,90.69033986,122.7418744,22.29423493
1593,90.90054697,113.0381382,23.35225078
1594,94.58075845,110.9804014,22.03911546
1595,92.48879468,119.6335548,23.80593812
1596,90.85174383,100.1173443,22.31944084
1597,93.82567435,120.6310784,22.14464104
1598,94.50528753,115.3611268,23.65167552
1599,90.27185592,124.4683112,22.16939473
1600,92.51077745,119.035002,15.78144173
1601,91.50819306,101.2847738,26.03097313
1602,91.35608208,111.2266885,13.36050601
1603,92.04304496,114.6659511,18.87957654
1604,91.57802915,111.1727497,29.47741671
1605,92.91487288,114.1339416,28.06903173
1606,92.04670813,112.5424199,25.66901098
1607,92.00719952,114.41617859999998,29.77149434
1608,90.90343769,106.0711985,30.55472573
1609,90.26408017,102.6958703,23.96147583
1610,91.5473145,118.4901697,23.98289638
1611,90.31153735,117.36952959999998,25.26052689
1612,90.14362642,109.6894658,31.08368929
1613,91.22062116,100.1961762,14.78003032
1614,94.45239715,116.3796525,26.56608303
1615,94.39000473,111.78037340000002,24.85903405
1616,93.63812684,103.5684926,34.51465139
1617,90.72351622,102.835632,24.12188673
1618,90.10522549,103.923226,23.85340379
1619,91.28408653,111.2948115,24.60297538
1620,94.25966183,101.4705704,15.63211033
1621,91.97978938,116.450422,19.33516809
1622,91.98317355,105.2132259,28.2620488
1623,93.36348717,110.3332655,22.67594476
1624,92.9641969,110.6823944,21.03200078
1625,91.06053924,115.7659902,33.23453301
1626,92.15987039,117.3688104,22.30318989
1627,94.8933184,115.56837759999998,11.50322938
1628,94.35734702,110.22231229999998,14.34320488
1629,93.48447453,119.1709113,33.105698100000005
1630,90.4582865,113.3302105,30.49183837
1631,92.03272799,116.7173125,30.25578031
1632,90.26457428,108.4161706,12.22816189
1633,90.22399223,119.3941064,10.01081312
1634,90.60901895,116.5084074,22.79196751
1635,90.65458473,116.8130969,20.18432263
1636,94.01331956,106.8118019,30.72119881
1637,92.39651663,119.6946577,24.35590861
1638,91.35349216,112.9834361,21.21306973
1639,91.38411917,117.5293447,10.78689755
1640,91.34663797,103.5771468,11.89925671
1641,93.37488907,109.8585753,22.56664172
1642,93.24688124,119.3936976,18.86883219
1643,93.04897191,112.7194284,17.34083741
1644,92.87820148,102.1906333,34.90665289
1645,91.90997228,115.9787989,24.53610067
1646,91.74780462,107.9873218,13.8377282
1647,93.52211892,101.5164589,22.3551049
1648,93.12316972,100.1967854,34.74004942
1649,94.14861001,108.82891709999998,11.54785707
1650,91.94670335,104.4224145,23.13338811
1651,94.55239717,115.3560318,29.98364695
1652,90.93756231,102.4550786,20.87947369
1653,91.13772765,112.50905159999998,17.24944623
1654,91.68293851,109.7571416,15.83388699
1655,91.11764246,112.6738296,23.01014302
1656,92.18151927,102.944161,16.39624284
1657,93.10527686,109.4711098,24.45132792
1658,91.15248149,105.3437825,31.87859192
1659,91.48247612,109.1549823,31.34920143
1660,90.03969587,111.7793889,18.05142392
1661,92.86773675,107.4142681,30.84835031
1662,91.52781832,118.0069295,22.45616931
1663,90.95589386,106.2944879,13.70319166
1664,93.72485075,111.83919509999998,20.48954522
1665,94.02769434,106.2696156,13.20844373
1666,93.67804556,117.6236473,32.31944397
1667,90.91510525,109.7513927,20.68185224
1668,90.50621806,113.1169398,31.52675982
1669,91.81183218,116.7555937,25.35467646
1670,91.69865887,110.6857506,17.66545409
1671,91.81668769,119.39167179999998,12.59093977
1672,93.68394562,106.060149,11.86631922
1673,92.22706805,112.7715925,11.03367937
1674,94.96419851,117.9733424,25.2990432
1675,90.15406807,104.7052254,32.23797837
1676,94.35815354,108.0638166,17.68408797
1677,90.19147747,106.69552040000002,10.2708877
1678,94.78797376,108.0054343,17.22034507
1679,90.50096668,100.1737964,19.667056
1680,93.75652041,101.1456947,10.35609594
1681,91.71369387,101.139435,27.255435
1682,92.13229786,115.5650287,34.591784600000004
1683,94.51768464,113.25373,32.39523995
1684,91.22320999,106.362551,10.16431299
1685,93.43949693,101.4819888,21.49118657
1686,94.76759975,110.0447896,16.53460397
1687,90.12220323,109.9455062,31.852069399999998
1688,90.00621688,117.1311498,28.04799508
1689,94.59551226,115.1989301,31.75048899
1690,93.27189064,100.7896871,29.07412717
1691,90.71037456,108.0230792,19.14381903
1692,91.4448027,107.4287664,16.14820285
1693,92.05811721,116.8020848,34.05296914
1694,90.56151463,118.32719679999998,34.51423957
1695,90.54608254,113.328978,32.71748548
1696,92.54736032,114.3117197,25.16296632
1697,94.47316879,113.9995146,27.68167318
1698,90.9492967,107.0862095,21.35093384
1699,93.25638873,103.2005992,11.69894639
1700,91.49725058,243.0745066,35.21462816
1701,90.79028064,88.46607497,42.39413392
1702,91.14220381,119.2653877,38.4191628
1703,92.11508608,235.6133585,35.33294932
1704,90.07600528,196.2408242,42.92325255
1705,92.85470152,203.4044028,33.83508569
1706,92.76437927,197.5282582,33.20258348
1707,93.71043692,191.7760562,23.48546973
1708,90.81781439,202.0572747,29.33710543
1709,94.50766912,186.6762324,40.21199348
1710,91.70445386,197.402901,42.13473976
1711,91.4618874,47.271547,32.86316618
1712,91.38048469,232.7046126,29.80744318
1713,93.0484859,63.62250788,31.56213762
1714,93.06134398,141.1736926,36.32268069
1715,94.60761797,172.47880619999995,37.13165026
1716,93.63739039,77.71566883,38.4418717
1717,90.78931681,78.85085502,32.66160599
1718,91.55594211,149.91075569999995,27.92765919
1719,91.48815629,105.8841531,39.01793345
1720,94.65904123,51.07048113,32.51247398
1721,91.72514851,62.62377075,38.72382798
1722,92.83405443,110.562229,43.30204933
1723,90.72526502,238.5008779,27.58548913
1724,92.90951393,132.7923586,40.78881819
1725,91.40301608,206.3999208,23.19451074
1726,92.61715632,248.8592986,32.68067385
1727,93.61082872,127.2509777,34.28879307
1728,94.16193416,120.9512466,39.30050027
1729,91.12220596,122.7628653,39.73149053
1730,91.25589286,64.4478499,39.23342464
1731,94.17756725,40.35153141,27.34734861
1732,92.09278584,209.8678411,40.76998685
1733,90.79668055,59.49373381,26.26559543
1734,93.3210737,117.8201907,28.12971499
1735,90.55561637,98.54047745,34.2804607
1736,93.00754254,182.026807,33.7960155
1737,90.87394933,207.0735119,31.53243779
1738,90.51431779,74.876786,42.30495821
1739,90.61964344,218.2299187,24.63676897
1740,91.37059792,179.27208069999998,28.28222883
1741,92.98254537,183.49095,24.48620746
1742,94.63548176,78.80996390000001,42.84609252
1743,93.10887229,103.8235658,43.67549305
1744,92.92203105,165.7412972,42.07213781
1745,92.12746225,136.8277041,33.46873719
1746,91.66232213,48.83810592,31.7018373
1747,90.03863107,199.3096432,41.41968393
1748,94.94482086,214.41038480000003,42.54744013
1749,94.63676767,63.68794608,28.91842453
1750,93.90305729,211.8529059,43.08022702
1751,93.96834049,209.4083305,29.20300896
1752,91.37258067,181.527598,41.04224355
1753,93.18240298,97.26336657,25.62446619
1754,91.06138506,163.9069365,35.32876402
1755,92.27749066,63.35298768,24.42561272
1756,90.21646909,54.01872359,31.18298415
1757,91.3256535,79.27201575,31.88342554
1758,91.1756748,246.36132680000003,42.93368602
1759,94.31994776,231.5153161,23.11407669
1760,93.90560147,135.16945249999998,24.87212063
1761,93.35191636,114.778071,43.36051537
1762,90.75379971,144.66564440000005,26.83054058
1763,93.12659793,75.95295,30.42012134
1764,93.22642604,115.8163936,28.64555584
1765,93.47888842,71.73759526,32.50037548
1766,94.6428898,41.5856585,43.03714283
1767,90.34546355,75.24521981,30.10773379
1768,93.61055571,87.53393983,23.69212243
1769,93.30641944,141.3381168,35.67667332
1770,94.43877142,82.83061083,27.71948962
1771,92.38282957,149.8488208,35.26824831
1772,90.78821158,161.68920930000004,23.16855863
1773,92.25197542,88.1300769,33.08706051
1774,90.44967809,172.3458448,37.4620912
1775,94.73613484,218.142147,38.73218907
1776,92.74889453,93.7942847,32.57720726
1777,93.10378595,210.2735346,38.38231475
1778,90.09448142,234.8466111,42.93605359
1779,92.74501561,52.95477913,25.65492304
1780,91.99740365,159.6577388,37.58899717
1781,93.15642801,62.68710535,29.60718808
1782,93.02871078,174.40123369999995,25.34756111
1783,93.02357765,241.8202079,25.9300384
1784,94.57377401,240.4795923,32.76795887
1785,90.20396783,126.8069869,29.02328049
1786,90.17015833,92.11877372,40.00439101
1787,91.25271223,234.496633,33.32315744
1788,94.94021378,46.44279118,31.22790131
1789,92.9585411,62.50689682,26.68386496
1790,90.14732171,108.4103158,24.70528368
1791,93.97379963,218.09088140000003,38.2016825
1792,93.79503425,104.4218596,36.56769731
1793,93.69111672,240.6863901,26.05375792
1794,92.76039164,54.77830202,31.29986342
1795,94.35110201,149.1199989,40.10207731
1796,91.58076549,102.2708231,38.58954491
1797,91.1508798,239.7427554,41.31330062
1798,91.79430166,188.5181422,37.03551903
1799,91.07355541,208.3357976,23.012401800000006
1800,92.86056895,224.5903664,26.762749300000007
1801,94.3138837,224.3206759,25.61294367
1802,95.64807631,151.0761899,28.130115000000004
1803,91.53720922,179.8248944,25.02887163
1804,99.64573002,181.6942283,27.79797651
1805,95.11294697,184.7624496,29.25902906
1806,93.69979946,150.9502632,27.10134661
1807,90.92669463,147.8888994,25.84726298
1808,90.98617591,178.8116076,26.58580443
1809,99.18843684,189.67113490000003,28.38503882
1810,91.81320717,145.54144130000003,28.43647052
1811,96.93649473,198.8234862,28.27298134
1812,96.46168931,144.3331315,27.00648436
1813,99.34854917,157.91715369999997,27.63551259
1814,99.65809151,215.9195049,26.29644905
1815,95.23797989,204.7206567,27.1326009
1816,97.61361544,199.7936345,25.56567803
1817,93.40548703,172.0540491,25.94951662
1818,95.01630593,218.0055713,28.03380598
1819,91.30924833,157.2388553,29.12859129
1820,97.00155491,171.7575545,27.0828252
1821,90.01734526,172.48136409999995,28.11321494
1822,94.18955816,156.6732553,27.5136304
1823,95.48763389,205.5463111,27.63834933
1824,94.01014388,150.05003119999995,29.01256899
1825,95.78923137,171.6262299,26.58413917
1826,97.00396405,142.9403233,28.28905147
1827,96.65248672,178.9635457,28.69164799
1828,96.30484325,209.84539930000005,29.70931288
1829,96.66355213,149.2433497,27.14865285
1830,91.95614918,132.1491176,29.28725038
1831,93.31410447,134.84190690000003,25.06871967
1832,91.20106019,194.9022136,26.92449525
1833,93.64761266,171.9457959,28.27804288
1834,92.73041222,204.9603677,29.18032562
1835,91.64509299,160.73069909999995,28.3575072
1836,93.27565685,218.5241851,29.38072512
1837,98.08951196,218.080385,25.39241091
1838,98.62048026,208.1181381,26.31270635
1839,91.91185319,194.3100272,29.52501367
1840,92.17170353,145.41723869999996,28.83214859
1841,97.76865458,160.389421,28.48444906
1842,93.39676499,156.76508230000005,28.74013335
1843,95.59224018,165.8092179,25.00872392
1844,91.14723422,192.7678575,29.8690834
1845,94.59086121,150.2012138,27.54273211
1846,98.38227669,144.6261698,26.52166434
1847,95.89739958,174.796583,25.03512351
1848,95.66997327,211.2506267,29.20394909
1849,91.10510371,224.70069530000004,27.05826457
1850,96.96637916,135.4186222,26.18552389
1851,92.48519606,162.8432736,27.59376845
1852,94.65830608,131.24514140000002,25.76011662
1853,95.11320315,145.0583117,28.87862994
1854,94.48414544,199.8778403,26.50908611
1855,91.72546257,214.4128874,26.87037587
1856,94.90485697,145.9298935,27.57283516
1857,98.3670985,171.65163959999995,28.05912437
1858,92.56492864,131.2116167,29.51611558
1859,95.16333673,222.803013,28.96318258
1860,92.36099489,157.7592626,25.09897688
1861,92.19906776,141.3220576,27.1872282
1862,90.79093862,205.5720367,29.03065024
1863,95.94643831,131.09000759999998,27.754298
1864,99.96906006,201.8258633,27.31155708
1865,99.64328526,224.4016682,28.84270971
1866,96.97300803,191.006688,26.61423461
1867,95.65754365,215.1968037,29.70143197
1868,91.64194826,212.867626,25.54759871
1869,91.49882979,167.0470997,26.37978453
1870,92.90736493,142.1430003,27.45907759
1871,95.71935435,147.16824590000004,27.02269204
1872,90.73966792,148.8398374,28.98545306
1873,91.52421214,134.1279669,26.1055118
1874,95.02156793,192.9036306,25.0707247
1875,96.92786777,191.2996157,25.54963273
1876,95.67906668,134.83703480000003,28.56973521
1877,96.7036223,143.533473,26.07010807
1878,94.38420565,178.7297725,25.51791333
1879,94.73860514,144.15711090000005,25.9490364
1880,95.41122824,182.4482352,28.2974764
1881,91.40896307,224.83157290000003,29.56549169
1882,95.21224392,148.30036919999995,29.69952329
1883,93.28415295,195.4115025,26.14162144
1884,94.79998418,209.540094,26.00175125
1885,91.48889469,164.9182225,27.15116142
1886,98.09861043,213.9011021,28.97318719
1887,96.38580769,131.3387935,26.13958446
1888,94.33465411,135.1272491,25.51618488
1889,99.98187601,174.62564809999995,27.55821802
1890,97.48410555,154.06212209999995,27.81132822
1891,99.7240104,165.82487319999996,25.60033702
1892,99.84671638,225.6323656,26.91641934
1893,90.27214288,188.9252083,29.1797902
1894,98.29937782,221.2258168,26.44600063
1895,95.8840407,203.9283708,28.43572863
1896,93.00109012,191.7723087,28.94099669
1897,93.45042636,149.2220255,26.45488737
1898,93.84150618,152.42387119999995,25.79490531
1899,98.80313612,166.5712879,26.93141945
1900,79.19732001,90.8022356,24.40228894
1901,84.86275707,71.29581071,23.09595631
1902,76.97696717,90.75616738,23.9656349
1903,75.62137159,89.76050416,24.88738107
1904,83.63276077,88.43618918,25.36243778
1905,81.7358876,78.58494391,24.69457084
1906,80.53965818,96.32600992,25.0017188
1907,81.30681027,64.23026638,22.45942937
1908,79.29573149,72.49800885,23.60564038
1909,79.12404171,71.94608134,24.58453146
1910,83.55546146,71.84080724,23.0865933
1911,83.63488952,79.81328183,23.5000992
1912,75.88298598,69.91563467,24.1472953
1913,84.84422454,89.799462,24.69315538
1914,84.44932014,90.94342484,24.48469200000001
1915,82.24415809,64.02949379,24.49112609
1916,81.73049149,86.76287924,23.47986888
1917,76.04203958,69.08056728,24.18586246
1918,78.17952126,86.06411872,25.00755095
1919,77.0543546,89.1188212,25.99237426
1920,81.69105088,99.36898373,23.66457347
1921,81.38103349,78.59595817,25.66891439
1922,84.62978302,86.00758678,22.04612876
1923,84.55794703,93.46595573,22.4204752
1924,82.21276599,95.0191318,25.03149561
1925,77.21705554,87.54004943,23.53371386
1926,82.5993307,81.49543437,22.77076388
1927,79.9751579,67.05961949,25.49848236
1928,83.4630147,86.55517751,25.248679
1929,77.51235009,64.61444234,22.78249615
1930,77.43198948,71.67870701,23.37044424
1931,78.22080815,79.56866268,24.86560781
1932,84.51591287,80.36146974,24.14386157
1933,79.04368718,97.10087029,25.03300222
1934,84.47601498,88.54479121,23.65724079
1935,84.09229796,88.94245493,25.54359718
1936,79.47270984,90.42224164,22.00085141
1937,78.1258666,80.96157332,23.64328417
1938,78.02763149,84.63148859,23.96436009
1939,75.6350708,61.82980133,24.65425757
1940,84.87668973,65.0247867,24.3017998
1941,81.02453404,90.41694635,24.29144926
1942,84.61527627,81.05902285,24.29470232
1943,81.19666206,99.93100821,25.72180042
1944,76.30050373,91.9223468,24.87663664
1945,77.34264002,75.13617229,22.60612115
1946,75.68339729,90.4547185,23.86814008
1947,76.43836957,78.82199603,23.41022496
1948,81.31677618,80.03995829,24.96440768
1949,80.30351815,84.62419032,25.16820129
1950,77.07598065,77.55176318,22.72767171
1951,76.25674874,86.84998693,22.45145981
1952,75.53835214,70.65644296,23.04920461
1953,75.66653335,62.64174227,25.29250148
1954,82.33733678,66.48339303,22.95604064
1955,84.14668447,91.6389565,22.80213132
1956,75.98203329,84.12536744,23.54234715
1957,80.80343786,98.60457373,24.41212325
1958,75.37170612,67.08022574,22.94276687
1959,81.13668716,95.4262599,25.53676123
1960,81.79475917,83.46532547,25.32023717
1961,81.53480799,65.54475812,22.426733
1962,75.00539324,91.39578861,25.78544484
1963,77.90621048,66.19426787,25.68959532
1964,82.85975490000001,60.65381719,22.14593688
1965,82.50257909,93.51042684,25.07278712
1966,76.17851932,70.40557612,22.21506982
1967,76.59175937,76.13090645,23.9643129
1968,76.53237965,62.51388670000001,25.40059227
1969,83.03878838,66.26555904,23.7805123
1970,76.7433897,61.94626051,24.16402322
1971,77.91757121,72.82902109,25.31468463
1972,80.35090459999998,88.57395505,22.60361557
1973,78.71555832,99.75336197,22.9535715
1974,80.41198458,90.07326633,22.74446976
1975,83.91902605,70.97358303,23.80834611
1976,81.56641891,76.88582484,25.46228792
1977,81.97904282,74.14169043,25.96779712
1978,80.04662756,99.39557151,25.5308271
1979,81.69801729,60.79645852,24.43847399
1980,76.47039772,90.64770699,23.03887865
1981,76.72621429,80.11272117,23.51308653
1982,76.75768356,97.76600619,22.75805656
1983,77.7293114,85.24963302,24.71252544
1984,82.44777468,93.50153555,23.45969093
1985,77.85055621,78.58488484,25.5503704
1986,82.82904143,67.06459777,22.08458267
1987,78.51206972,69.31153566,24.68854799
1988,84.16855231,77.03421249,25.84997269
1989,75.40989245,71.85436078,22.46054478
1990,77.52425987,74.8984994,23.65629976
1991,81.83896111,92.23645249,22.00817088
1992,80.13456404,69.45072055,24.32630461
1993,82.68738535,92.91915074,22.92360984
1994,78.63388824,81.15072105,23.43821725
1995,78.58320116,74.94136567,22.10718988
1996,76.11021529,91.49697481,23.03814028
1997,75.39752705,63.88079866,24.54795322
1998,75.77503808,76.63669195,23.73868041
1999,83.86129998,65.35747011,22.31871914
2000,72.24850829,151.8869972,25.52468965
2001,82.94164078,161.2469997,26.59104992
2002,86.88705350000002,196.6249511,25.29781791
2003,88.16513579,175.60866969999995,25.72100868
2004,72.00460848,190.4242157,23.58419277
2005,72.01364411,190.5577618,25.31042337
2006,85.08640476,185.7446728,23.41798979
2007,88.80391021,169.11680280000004,24.35564134
2008,75.14640198,182.2685447,26.284017
2009,83.12053888,169.33884650000005,25.13842773
2010,71.91711523,150.2498675,24.88692811
2011,88.36668522,189.4263485,25.75734909
2012,74.68322732,199.83629130000003,23.12844351
2013,88.95692783,151.4935635,24.9949957
2014,70.88259632,195.8645552,25.21622704
2015,79.26861738,164.2697011,24.39736241
2016,71.4509053,164.49703730000004,23.31410442
2017,81.86171563,191.9649389,25.72668885
2018,78.21047693,169.8391177,26.96656378
2019,74.63745355,181.2783964,23.70467146
2020,73.84186449,153.8990984,24.90075709
2021,72.60512854,174.78764109999997,23.39605743
2022,79.78725152,173.1017097,26.8748389
2023,74.99739774,151.9035477,23.1426498
2024,77.62976013,184.9800516,24.29496635
2025,89.89106506,197.1220049,24.39459498
2026,80.76238215,174.5071843,25.7629429
2027,84.48235878,168.7848886,25.4879684
2028,76.2403666,183.8270791,25.37122686
2029,81.70476368,180.1237765,26.21312799
2030,78.54340987,186.2337571,24.30748599
2031,87.98329901,150.31661519999997,23.76554749
2032,78.53037059,162.2847429,24.79853023
2033,74.09956958,199.4766779,23.20683504
2034,70.89000744,184.4633281,23.66805429
2035,85.72530641,159.5718087,25.12417673
2036,83.46409075,167.72306319999996,23.89069041
2037,81.45139295,196.6587013,23.09433785
2038,82.85284045,166.13658859999995,24.21744605
2039,71.31342851,153.63902119999997,24.06475727
2040,74.44070479999998,175.572958,24.85441411
2041,76.85691248,197.2101782,26.41915161
2042,77.01222585,196.469984,24.89326318
2043,82.7015932,166.2160846,23.25583402
2044,87.06071115,179.1630865,24.7634518
2045,78.62697699,166.6415254,24.97042599
2046,80.49172597,150.6326874,26.12797248
2047,81.65769588,163.3488091,25.97825807
2048,73.35763537,186.6898282,26.2830571
2049,83.31240346,176.1516409,26.38905406
2050,73.7459581,168.0432282,25.2746335
2051,78.45959697,155.3851533,23.09499564
2052,81.76904006,193.2418382,25.79351957
2053,87.88255345,160.6217342,23.17403323
2054,79.95150917,182.2582277,25.63215038
2055,87.81661683,152.6194403,25.84879500000001
2056,80.90424543,181.2915605,26.56767277
2057,72.97198375,189.9711184,26.24532085
2058,73.19897535,177.22330480000005,26.91515043
2059,82.11319791,159.92109340000005,24.36972377
2060,79.15532398,187.1735424,25.71901283
2061,88.33130229999998,169.4168014,25.01157559
2062,76.44048625,188.6372826,25.40785911
2063,74.27607475,153.7447398,23.28081
2064,82.09053379,167.0576456,23.98651719
2065,83.20630007,192.2316221,24.48556447
2066,84.09985284,154.83908469999997,25.86705009
2067,79.46283115,185.25947,23.5643831
2068,74.89465426,192.4931257,24.2248758
2069,86.97061481,176.5268267,25.49386782
2070,79.47557931,195.7571622,24.97178693
2071,82.09281674,156.3616174,24.80624984
2072,76.66724969,157.1215052,23.16814977
2073,89.86454053,175.1742112,24.25133493
2074,78.00774772,154.8238864,26.58361011
2075,78.20392774,153.91998069999997,26.82489244
2076,81.13449097,169.92882340000003,25.49674786
2077,80.57226761,176.8604109,24.09874353
2078,86.20899734,176.103677,23.18866654
2079,78.51063754,183.4065252,26.24347471
2080,71.14782585,160.0889553,23.75091572
2081,79.1188943,171.4892533,26.13871511
2082,71.23690851,193.1007598,26.14576648
2083,73.48655995,171.4716375,26.91643698
2084,77.17331847,157.8548562,26.5232969
2085,80.94023552,190.312216,23.81579631
2086,86.84264005,152.9801697,26.50838667
2087,70.95705996,199.3355744,26.63952463
2088,79.79609448,187.3096148,23.325013100000003
2089,73.96164569,180.2513601,26.47549543
2090,74.36794079,172.64426540000005,23.78756036
2091,75.99987588,193.71418280000003,25.49941707
2092,73.65346838,184.7674863,23.24925555
2093,89.05587886,193.8778713,26.98582182
2094,86.14290267,150.2355238,23.61475336
2095,86.79261344,177.5147313,23.87484465
2096,88.07112278,154.6608736,23.92887902
2097,81.68688879,190.7886386,24.81441246
2098,82.286484,190.9684885,24.44743944
2099,73.81994896,159.3223075,26.57421679
2100,57.36469955,191.6549412,26.33377983
2101,55.32222678,144.68613359999995,26.45288458
2102,52.88667115,136.73250919999998,25.70822684
2103,56.18107663,147.27578180000003,24.12832546
2104,60.39523266,122.2103248,23.44372334
2105,52.26994674,139.3670753,23.4123707
2106,50.40609436,164.4971875,23.05951896
2107,63.65861483,129.8765443,23.07895447
2108,51.11044023,122.8392822,27.6496114
2109,69.35161206,171.37644619999998,25.46743689
2110,55.55164819,140.63052130000003,26.7350622
2111,52.50987966,189.0944824,26.20811417
2112,57.27927475,165.6872119,27.0424167
2113,51.93952357,135.1386537,24.65090184
2114,55.99375012,148.98125249999995,27.35152643
2115,62.26244581,135.0119649,25.17787724
2116,68.00096043,161.8944624,23.11438731
2117,52.95261751,175.7260273,27.22783677
2118,60.51600210000001,194.1755471,23.26316991
2119,57.53161469,124.2261737,25.234661
2120,57.72920846,195.7733251,25.59535262
2121,60.49244602,190.2257843,25.5674832
2122,51.29043632,196.2736367,25.67324193
2123,62.65692638,148.6977358,24.40726724
2124,66.76090123,144.6576424,23.69287069
2125,66.99765375,180.5059257,24.53460016
2126,52.89368299,192.4280381,27.13140403
2127,68.49299897,167.43580749999995,27.56088634
2128,55.27564977,191.3980675,23.59302313
2129,52.13864034,117.3113562,23.17714381
2130,51.29142534,197.6439711,24.71384065
2131,64.72543073,119.6324109,24.38534644
2132,51.59100753,126.1752206,27.15998538
2133,67.09608099,120.6494434,26.53543168
2134,60.76645256,191.4508931,27.01207284
2135,58.45742907,117.9389993,27.55906475
2136,53.00366334,168.26442869999997,23.32293161
2137,54.30329632,115.1564012,24.23850608
2138,64.10651528,122.6847408,23.42611644
2139,55.83288958,176.90209240000004,26.02241444
2140,56.7685316,124.4135035,24.83846178
2141,65.64381357,148.37712019999995,26.24092174
2142,66.02411187,181.6368274,24.43011925
2143,62.144510200000006,153.477776,26.00373964
2144,62.26594559,193.7461968,26.22367404
2145,63.55324262,190.2440566,27.09617155
2146,61.03273481,199.4735636,25.64004392
2147,54.36976075,139.8619431,27.74576987
2148,54.28617819,133.1120232,26.24928198
2149,52.24226285,156.15438980000005,26.67377159
2150,55.74973320000001,139.5013171,27.10210397
2151,61.26002598,196.6492664,27.62975458
2152,55.51673151,130.6377143,27.536454700000004
2153,50.56339727,130.3797119,23.56960509
2154,57.93250202,192.8736822,24.99451759
2155,54.41094079,177.816092,27.56441788
2156,61.10935084,161.5279095,23.98143338
2157,67.37768353,122.4073418,24.22984659
2158,68.66257977,168.8383605,25.60153969
2159,53.57285558,184.4103931,24.31274458
2160,52.25738495,177.31761609999995,26.36629861
2161,57.1621814,152.0616227,26.5602777
2162,58.50650238,121.5586297,26.35034208
2163,57.88370456,156.1457255,25.20406808
2164,55.18792166,171.6976946,23.35723208
2165,59.68849145,185.1568059,23.60567546
2166,69.94807345,163.27087319999995,24.18471151
2167,53.83876189,175.3723314,26.44414097
2168,63.37479229,147.8035305,26.12492233
2169,64.47858698,192.7121236,27.77363343
2170,62.67087838,193.5866233,25.55656667
2171,67.96910852,115.2325531,27.92374437
2172,52.31098539,161.3432535,26.05968403
2173,64.57578034,163.62694960000005,26.35770906
2174,54.15319242,129.5481144,24.91370487
2175,68.42333909999999,192.4288139,27.31317116
2176,52.26311691,136.3027766,26.1387869
2177,67.06230539,162.57696059999995,23.1069385
2178,68.44030686,171.8839938,23.52648086
2179,68.48030408,194.8773479,25.11711046
2180,58.84880599,134.6803969,24.02952505
2181,69.71184111,158.86088869999998,26.70897548
2182,50.50148528,126.8073984,26.71717393
2183,56.46829641,137.70440469999997,24.59245684
2184,50.66687215,143.9955548,27.51006055
2185,58.52534263,156.6810374,27.57847581
2186,57.56695719,145.105065,26.65069302
2187,62.0183627,142.8610793,26.97251562
2188,52.97841162,153.12016440000005,23.17124551
2189,65.44340921,186.1728203,23.52652084
2190,55.196224,141.48316440000005,27.30901814
2191,62.88179198,181.4170812,27.54823036
2192,57.04151119,188.5506536,25.627355
2193,50.04557009,183.468585,23.29250318
2194,53.74144743,166.2549307,24.91461008
2195,66.4132686,177.7745075,26.77463708
2196,56.63636248,127.92461000000002,27.41711238
2197,67.22512329,173.32283859999995,24.13179691
2198,52.12739421,127.1752928,26.2724184
2199,60.39647474,140.9370415,23.60301571
